truename,rule1,rule2,rule3,rule4,rule5,rule6,rule7,rule8,rule9,result,ID,c1,c2,c3,c4,c5,c6,c7,c8,c9,time,timeuse
yingc.cheng@51job.com,1,0,0,0,0,0,0,0,0,1.0,95,"Received:from mailmx204.51job.com (unknown [222.73.233.100])
	by mail9.corpease.net (Coremail) with SMTP id UAGowAB3KTM5CrxSdIJJAA--.7296S2;
	Thu, 26 Dec 2013 18:51:37 +0800 (CST)
Received:from sh-ex-15.51job.com (unknown [10.100.1.25])
	by mailmx204.51job.com (Postfix) with ESMTP id 33BFB6068A0
	for <hostmould@021hosttec.com>; Thu, 26 Dec 2013 18:51:33 +0800 (CST)
Received:from SH-EX-17.51job.com ([10.100.1.17]) by sh-ex-15.51job.com with Microsoft SMTPSVC(6.0.3790.4675);
	 Thu, 26 Dec 2013 18:51:36 +0800
","From:<zhaopin@51job.com>
","To:<hostmould@021hosttec.com>
","Date:Thu, 26 Dec 2013 18:51:34 +0800
","Authentication-Results:mail9.corpease.net; spf=pass smtp.mail=yingc.c
	heng@51job.com; dmarc=pass
",,,,,"Thu, 26 Dec 2013 18:51:34 ",2013.983870967742
unknown,0,1,0,0,0,0,0,0,0,5.5,184,"Received:from m97138.mail.qiye.163.com (unknown [220.181.97.138])
	by c1mx1 (Coremail) with SMTP id IgENCgAHKBe9+w9ZBiMlBA--.53933S2;
	Mon, 08 May 2017 13:01:53 +0800 (CST)
Received:from iFutureIP (unknown [180.114.106.77])
	by smtp9 (Coremail) with SMTP id u+CowACnjX0Y_A9ZTMNYJw--.120S3;
	Mon, 08 May 2017 13:03:22 +0800 (CST)
","From:""dengyin"" <dengyin@ifutureip.com>
","To:""hs_electronics_li@163.com"" <hs_electronics_li@163.com>
","Date:Mon, 08 May 2017 13:02:01 +0800
","Authentication-Results:c1mx1; spf=neutral smtp.mail=;
",,,,,"Mon, 08 May 2017 13:02:01 ",2017.3521505376343
unknown,0,0,1,0,0,0,0,0,0,1.0,272,"Received:from smtp102.submail.cn (unknown [121.43.225.140])
	by c1mx1 (Coremail) with SMTP id IgENCgC3XB5IB_5Xg7stAA--.24743S2;
	Wed, 12 Oct 2016 17:50:02 +0800 (CST)
Received:by smtp102.submail.cn (submail - subsmtp, from userid 5002)
	id 3C27D122B97; Wed, 12 Oct 2016 09:50:40 +0000 (GMT)
Received:from localhost.localdomain (unknown [10.168.165.223])
	by smtp102.submail.cn (submail - subsmtp) with ESMTPA id 0B3EB122B7C
	for <hostmould@021hosttec.com>; Wed, 12 Oct 2016 09:50:40 +0000 (GMT)
","From:""=?utf-8?B?5Z+65oGp5aOrIOWQtOaloA==?="" <Wernerwu@keyence.com.cn>
From:=?utf-8?B?5rC45L+h5ZWG5Yqh?= <dgyx@energycocera.com>
","To:hostmould@021hosttec.com
","Date:Wed, 12 Oct 2016 09:50:37 +0000
","Authentication-Results:c1mx1; spf=pass smtp.mail=dgyx@energycocera.co
	m; dkim=pass header.i=@energycocera.com; dmarc=pass
",,"DKIM-Signature:v=1; a=rsa-sha256; c=relaxed/relaxed; d=energycocera.com;
	s=submail; t=1476265840;
	bh=AZ5pbBA8VTaDQQVgdAsVQ5Yg9Vi7HAqHH+NcDKizalQ=;
	h=Date:To:From:Subject:List-Unsubscribe;
	b=D1nzFlT3usJUbGkuNl0QpvxxOG1v7PX7S62OnoquzAOy1VwW1jJ6o0hmAOuWZmXff
	 tLMzCbkCeUYdl7bSb3k6bj3Yllznl1rr9mbDEkQmdS5DbzdG64klsWcRTQHyconiTR
	 a5ZQTjrILF62DDcepqvcT1vG7QnvBLGuAjLYZ8/M=
",,,"Wed, 12 Oct 2016 09:50:37 ",2016.779569892473
unknown,0,1,0,0,0,0,0,0,0,5.5,313,"Received:from 770909.com (unknown [202.101.230.220])
	by mail12.corpease.net (Coremail) with SMTP id UgGowADX+RZ0y6ZVKJ5aAA--.2006S2;
	Thu, 16 Jul 2015 05:07:20 +0800 (CST)
Received:from kf (unknown [132.63.44.184])
	by 770909.com with SMTP id n7ZkSCIcfLOaGesm.1
	for <hostmould@021hosttec.com>; Thu, 16 Jul 2015 05:07:19 +0800
","From:=?utf-8?B?57Gz6bmH5aug?= <lm@770909.com>
","To:hostmould <hostmould@021hosttec.com>
","Date:Thu, 16 Jul 2015 05:07:05 +0800
","Authentication-Results:mail12.corpease.net; spf=neutral smtp.mail=;
",,,,,"Thu, 16 Jul 2015 05:07:05 ",2015.5403225806451
admin@sunitaimpex.com,1,0,0,0,0,0,0,1,0,2.0,470,"Received:from lori@021hosttec.com (unknown [114.85.105.160:54058])
	by IMAP (Coremail) with SMTP id clWWXwBnBgD8X+RT;
	Fri, 08 Aug 2014 14:27:52 +0800 (CST)
Received:from mail-pd0-f175.google.com (unknown [209.85.192.175])
	by mail72.corpease.net (Coremail) with SMTP id PAGowAD3_yNjlLdT6BpPAA--.12615S3;
	Sat, 05 Jul 2014 14:00:05 +0800 (CST)
Received:by mail-pd0-f175.google.com with SMTP id v10so2724675pde.6
        for <jelly@021hosttec.com>; Fri, 04 Jul 2014 23:00:03 -0700 (PDT)
","From:""Administrator-SIPL"" <admin@tmall.com>
","To:<jelly@021hosttec.com>
","Date:Sat, 5 Jul 2014 11:23:41 +0530
","Authentication-Results:mail72.corpease.net; spf=pass smtp.mail=admin@
	sunitaimpex.com;
",,,"Return-Path:<admin@sunitaimpex.com>
",,"Sat, 5 Jul 2014 11:23:41 ",2014.510752688172
bearing@servername.info,1,0,0,0,0,0,0,0,0,1.0,477,"Received:from mail01.servername.info (unknown [123.57.211.197])
	by c1mx3 (Coremail) with SMTP id JAENCgD3S8Ltcs1X7+IOAA--.10987S2;
	Mon, 05 Sep 2016 21:28:13 +0800 (CST)
Received:from mail01.servername.info (localhost [127.0.0.1])
	by mail01.servername.info (Postfix) with ESMTPA id 927B9D2F51
	for <hostmould@021hosttec.com>; Mon,  5 Sep 2016 20:44:27 +0800 (CST)
","From:bearing@servername.info<ujk@ujk-bearing.com>
","To:hostmould@021hosttec.com
","Date:Mon, 05 Sep 2016 20:10:21 +0800
","Authentication-Results:c1mx3; spf=pass smtp.mail=bearing@servername.i
	nfo;
",,,,,"Mon, 05 Sep 2016 20:10:21 ",2016.6774193548388
unknown,0,1,0,0,0,0,0,0,0,5.5,609,"Received:from mail.rnicrosoft.com (unknown [116.236.130.93])
	by mail72.corpease.net (Coremail) with SMTP id PAGowAA3bfL8WGhT914xAA--.2409S3;
	Tue, 06 May 2014 11:37:33 +0800 (CST)
Received:from SRV05.rnicrosoft.com ([fe80::24c9:4a16:d3e7:305d]) by
 SRV05.rnicrosoft.com ([fe80::24c9:4a16:d3e7:305d%10]) with mapi id
 14.01.0438.000; Tue, 6 May 2014 11:35:41 +0800
","From:Chun Hui Xi <C.Xi@rnicrosoft.com>
","To:""HOSTMOULD@021HOSTTEC.COM"" <HOSTMOULD@021HOSTTEC.COM>
","Date:Tue, 6 May 2014 03:35:40 +0000
","Authentication-Results:mail72.corpease.net; spf=none smtp.mail=c.xi@rnicrosoft.com;
",,,,,"Tue, 6 May 2014 03:35:40 ",2014.3467741935483
unknown,0,0,1,0,0,0,0,0,0,1.0,672,"Received:from smtp2213-184.mail.aliyun.com (unknown [121.197.213.184])
	by mail72.corpease.net (Coremail) with SMTP id PAGowACnr0dhlFFUasQIAA--.3257S2;
	Thu, 30 Oct 2014 09:29:06 +0800 (CST)
Received:from lida(mailfrom:lida.shanghai@wingtrans.com.cn ip:180.168.115.110)
          by smtp.aliyun-inc.com(10.194.100.36);
          Thu, 30 Oct 2014 09:29:06 +0800
","From:""lida"" <anyue@anyue.net>, <lida.shanghai@wingtrans.com.cn>
","To:""Lori"" <lori@021hosttec.com>
","Date:Thu, 30 Oct 2014 09:29:12 +0800
","Authentication-Results:mail72.corpease.net; spf=pass smtp.mail=lida.s
	hanghai@wingtrans.com.cn;
",,,,,"Thu, 30 Oct 2014 09:29:12 ",2014.8279569892472
unknown,0,1,0,0,1,0,0,0,0,22.0,779,"Received:from lori@021hosttec.com (unknown [114.85.105.160:57800])
	by IMAP (Coremail) with SMTP id clWWXwBHAgB2keRT;
	Fri, 08 Aug 2014 17:30:20 +0800 (CST)
Received:from mout.xn--microoft-ohh.com (unknown [74.208.4.201])
	by mail72.corpease.net (Coremail) with SMTP id PAGowADX3DDI70pT3OwuAA--.7469S2;
	Mon, 14 Apr 2014 04:12:58 +0800 (CST)
Received:from mailout-us.xn--microoft-ohh.com ([172.19.198.48]) by mrigmx.server.lan
 (mrigmxus001) with ESMTP (Nemesis) id 0M7pki-1WvEiC2D6u-00vKuX for
 <Jelly@021hosttec.com>; Sun, 13 Apr 2014 22:00:20 +0200
","From:""Joanne Schllemur"" <salesrepresentative91@xn--microoft-ohh.com>
","To:""Jelly"" <Jelly@021hosttec.com>
","Date:Sun, 13 Apr 2014 16:00:17 -0400
","Authentication-Results:mail72.corpease.net; spf=none smtp.mail=salesr
	epresentative91@xn--microoft-ohh.com;
",,,,,"Sun, 13 Apr 2014 16:00:17 ",2014.282258064516
unknown,0,0,0,0,1,0,0,0,0,16.5,830,"Received:from smtp2213-184.mail.xn--ahoo-u6d.com (unknown [121.197.213.184])
	by mail12.corpease.net (Coremail) with SMTP id UgGowAD3YmhB4DRUTv0ZAA--.725S2;
	Wed, 08 Oct 2014 14:57:05 +0800 (CST)
Received:from lida(mailfrom:lida.shanghai@xn--ahoo-u6d.com ip:180.168.115.110)
          by smtp.aliyun-inc.com(10.147.34.67);
          Wed, 08 Oct 2014 14:57:02 +0800
","From:""lida"" <lida.shanghai@xn--ahoo-u6d.com>
","To:""Lori"" <lori@021hosttec.com>
","Date:Wed, 8 Oct 2014 14:57:08 +0800
","Authentication-Results:mail12.corpease.net; spf=pass smtp.mail=l
	ida.shanghai@xn--ahoo-u6d.com; dmarc=pass
",,,,,"Wed, 8 Oct 2014 14:57:08 ",2014.768817204301
yhexpo_163.com@mail47d.com,1,0,0,0,0,0,1,0,0,17.5,925,"Received:from mail47.u.tsender.com (unknown [115.29.36.78])
	by mail12.corpease.net (Coremail) with SMTP id UgGowADn75vDOjVXOE4AAA--.458S2;
	Fri, 13 May 2016 10:24:03 +0800 (CST)
Received:from localhost.localdomain (unknown [118.102.24.44])
	by mail47.u.tsender.com (Postfix - by 360email.cn) with ESMTPA id 56C08479270
	for <hostmould@021hosttec.com>; Fri, 13 May 2016 10:24:03 +0800 (CST)
","From:=?utf-8?B?6ZuF6L6J5bGV6KeI?= <yhexpo_163.com@mail47.u.tsender.com>
","To:hostmould@021hosttec.com
","Date:Fri, 13 May 2016 10:24:01 +0800
","Authentication-Results:mail12.corpease.net; spf=pass smtp.mail=yhexpo
	_163.com@mail47d.com; dkim=pass header.i=@mail47.u.tsender.com; dmarc=
	pass
",,"DKIM-Signature:v=1; a=rsa-sha256; c=simple/simple; d=mail47.u.tsender.com;
	s=default; t=1463106243;
	bh=xR/c0UmyxIEutV6hfzjjxLxpQVLT4BF0pHQmQt7wF7Y=;
	h=Date:To:From:Reply-To:Subject:Message-ID:MIME-Version:
	 Content-Type;
	b=Bu12b9g8UmxXgXC7vzToRYfY7UZ59qE0m0Zr6IA+mFpb1t7kcP5KaEO1W7e8wij92
	 UXsmfDcDTrX7gOFYJumjbU+uziuhEL1Uh7c3jRqhh9Y3nkSQITplTgWfUOP1e7Nowe
	 BMJQvkjrYqU+2DKG/LNv9/1fOWc1KWlYdebZdaw8=
",,,"Fri, 13 May 2016 10:24:01 ",2016.3655913978494
unknown,0,0,1,0,0,0,0,0,0,1.0,946,"Received:from lori@021hosttec.com (unknown [114.85.105.160:54058])
	by IMAP (Coremail) with SMTP id clWWXwBnBgD8X+RT;
	Fri, 08 Aug 2014 14:22:28 +0800 (CST)
Received:from smtpbg220.qq.com (unknown [183.60.2.223])
	by mail9.corpease.net (Coremail) with SMTP id UAGowACX16JnUd9TmgLZAQ--.1251S3;
	Mon, 04 Aug 2014 17:24:56 +0800 (CST)
","From:""=?utf-8?Q?=E9=82=93=E7=BB=8F=E7=90=86 QQ=EF=BC=9A2635964733?="" <2635964733@qq.com>
From:""=?gb18030?B?bW9yIHZlIG90ZXNp?="" <951408808@qq.com>
","To:""=?gb18030?B?amVsbHk=?="" <jelly@021hosttec.com>
","Date:Mon, 4 Aug 2014 17:23:45 +0800
","Authentication-Results:mail9.corpease.net; spf=pass smtp.mail=9514088
	08@qq.com; dkim=pass header.i=@qq.com; dmarc=pass
",,"DKIM-Signature:v=1; a=rsa-sha256; c=relaxed/relaxed; d=qq.com; s=s201307;
	t=1407144296; bh=9D3qjmdYfCwzrtFBrBNGvbK27geadbq3YF2TmgCFm6Q=;
	h=X-QQ-FEAT:X-QQ-SSF:X-HAS-ATTACH:X-QQ-BUSINESS-ORIGIN:
	 X-Originating-IP:X-QQ-STYLE:X-QQ-mid:From:To:Subject:Mime-Version:Content-Type:Content-Transfer-Encoding:Date:
	 X-Priority:Message-ID:X-QQ-MIME:X-Mailer:X-QQ-Mailer:
	 X-QQ-SENDSIZE;
	b=GW9ZLXJ0JQSy72Pg2Ul16DCuD4kfkc6cYy090WkUxR3rePkxmtR1qY0mlwmwySHle
	 JL73KGQLPzKXlksdo4W0RJkoVlUuSLowOGQcbs2gEBHqt6dhryH+rcpmSlRcfs9u1g
	 5kEfCn6NvM3YkKj0QRkMs99n5TbN+qoQGkwAkgPw=
",,,"Mon, 4 Aug 2014 17:23:45 ",2014.5913978494623
ali_staff@jjqapsf.cn,1,0,0,0,0,0,1,0,0,17.5,1002,"Received:from out4133-66.mail.aliyun.com (unknown [42.120.133.66])
	by mail9.corpease.net (Coremail) with SMTP id UAGowABXlaBV9+hTQndAAg--.738S2;
	Tue, 12 Aug 2014 01:03:17 +0800 (CST)
Received:from cm3-channel-008.xyi(mailfrom:ali_staff@alibaba-inc.com ip:172.30.137.21)
          by smtp.aliyun-inc.com(127.0.0.1);
          Tue, 12 Aug 2014 01:03:05 +0800
","From:""system"" <system@alibaba-inc.com>
","To:Lori Tian <lori@021hosttec.com>
","Date:Tue, 12 Aug 2014 01:03:05 +0800
","Authentication-Results:mail9.corpease.net; spf=pass smtp.mail=ali_sta
	ff@jjqapsf.cn; dkim=pass header.i=@alibaba-inc.com; dmarc=pass
","Sender:ali_staff@alibaba-inc.com
","DKIM-Signature:v=1; a=rsa-sha256; c=relaxed/relaxed;
	d=alibaba-inc.com; s=default;
	t=1407776598; h=Date:From:To:Message-ID:Subject:MIME-Version:Content-Type;
	bh=ON9ClV70HqxfG8J6TlyN3++ClNGhtMMZrEwrz0cxqDg=;
	b=psoaoJjy9PBhIq9bGU6miarhqDuvQaHdZikkN5QxJtAbs+xXmBo3OZv/RzExpuUQyhDRLzeY2t+coi0t+Xn1s+sJmOH0oCST0OV3yMdHCRcJwd8ezJyya8ib/AmT/CbT85qZ7Q/eSrOCVxMpLKfxmPipa3Bu7DqKlfsQfQJg23c=
",,,"Tue, 12 Aug 2014 01:03:05 ",2014.6129032258063
unknown,0,0,1,0,0,0,0,0,0,1.0,1083,"Received:from YZSJHL37-162.opi.com (unknown [111.206.9.82])
	by mail12.corpease.net (Coremail) with SMTP id UgGowACHCIapHnVXGpm7AA--.33357S2;
	Thu, 30 Jun 2016 21:29:15 +0800 (CST)
Received:from YZSJHL16-84.opi.com (unknown [118.186.217.180])
	by YZSJHL37-162.opi.com (Postfix) with ESMTP id 59BF81C103D
	for <hostmould@021hosttec.com>; Thu, 30 Jun 2016 21:20:07 +0800 (CST)
","From:=?utf-8?B?5Y2D5YS/?= <chengjy@wibe.ac.cn>
From:=?UTF-8?B?5Lq65Lq6572R?= <renrenedm@renren.com>
","To:hostmould@021hosttec.com
","Date:Thu, 30 Jun 2016 21:20:07 +0800 (CST)
","Authentication-Results:mail12.corpease.net; spf=pass smtp.mail=renren
	edm@renren.com; dkim=pass header.i=@renren.com; dmarc=pass
",,"DKIM-Signature:v=1; a=rsa-sha1; q=dns/txt; c=simple/relaxed; t=1467292807;
	s=renren; d=renren.com;
	h=Date:From:To:Message-ID:Subject:MIME-Version:Content-Type:Content-Transfer-Encoding;
	l=33562; bh=2jmj7l5rSw0yVb/vlWAYkK/YBwk=;
	b=bpaB/xyLNQSN3ywyYojWGm94TN732glWTUykb8WngvQHxmREx6df4NqJiArtFRGF
	rdK3mtVoaVBjvspTVZln8MZh4THPlJSNYWDhB1eJhwz2DxM9/D/lcpnyS+f6j3lzgnM
	8vdh27eQhqNX731eU7Jz3/m1D+Vj3sT9bvimLWYc=
",,,"Thu, 30 Jun 2016 21:20:07 ",2016.494623655914
germatech@t-online.de,1,0,0,0,0,0,0,0,0,1.0,1122,"Received:from mailout11.t-online.de (unknown [194.25.134.85])
	by mail72.corpease.net (Coremail) with SMTP id PAGowAD3yqFeuDJUoSwJAA--.621S3;
	Mon, 06 Oct 2014 23:42:23 +0800 (CST)
Received:from fwd14.aul.t-online.de (fwd14.aul.t-online.de [172.20.26.242])
	by mailout11.t-online.de (Postfix) with SMTP id C029A423474
	for <Lori@021hosttec.com>; Mon,  6 Oct 2014 17:36:37 +0200 (CEST)
Received:from Germatech (Gt3nCQZGohl3yLCp-rQ1G50sNOqn2Mk42R9W-XJ0fg69RYp5aa39-auIzRQ-R+YwYR@[79.234.90.161]) by fwd14.t-online.de
	with (TLSv1:ECDHE-RSA-AES256-SHA encrypted)
	esmtp id 1XbAKv-4ftOgS0; Mon, 6 Oct 2014 17:36:33 +0200
","From:lzmur@fl.org""@t-online.de
","To:<Lori@021hosttec.com>
","Date:Mon, 6 Oct 2014 17:36:27 +0200
","Authentication-Results:mail72.corpease.net; spf=pass smtp.mail=germat
	ech@t-online.de; dmarc=pass
",,,,,"Mon, 6 Oct 2014 17:36:27 ",2014.763440860215
rakuten@amet.co.jp,1,0,0,0,0,0,1,0,0,17.5,1209,"Received:from lori@021hosttec.com (unknown [114.85.105.160:51016])
	by IMAP (Coremail) with SMTP id clWWXwCnBQCqMOhT;
	Mon, 11 Aug 2014 11:03:25 +0800 (CST)
Received:from nm13-vm1.mail.amet.co.jp (unknown [106.10.149.16])
	by mail9.corpease.net (Coremail) with SMTP id UAGowABHSfXUR1ZT8TkqAA--.1263S3;
	Tue, 22 Apr 2014 18:43:34 +0800 (CST)
","From:saravanawood@yahoo.co.in
","To:""Jelly@021hosttec.com"" <Jelly@021hosttec.com>
","Date:Tue, 22 Apr 2014 16:13:08 +0530
","Authentication-Results:mail9.corpease.net; spf=pass smtp.mail=rakuten
	@amet.co.jp; dkim=pass header.i=@yahoo.co.in; dmarc=pass
",,"DKIM-Signature:v=1; a=rsa-sha256; c=relaxed/relaxed; d=yahoo.co.in;
	s=s20140623.amet.co.jp .com; t=1398163411; 
	bh=OujgRf+dbo9gMWs/qY88kSDnuhtevQOs1wZ3T/bxbyA=; 
	h=Date:Subject:Message-ID:Importance:From:To:MIME-Version:Content-Type; 
	b=mLVsfjcSR6dIq72HSN5STYUqrIIduHZ0z04mh9mjV07NMEfAYWW6n//cVWhfNXapC2No80zUz2HBz9s6B9Pt+qng8dnw7SU9ipQvG4Yc5pZmmbMt/jSqTqUjG3kcnqjgWAICzHTCO5+BTicIuvPZL1XcVUnykfL8JbpLaU39KXQ=
",,,"Tue, 22 Apr 2014 16:13:08 ",2014.3064516129032
h0@kshr.com.cn,1,0,0,0,0,0,0,0,1,2.0,1216,"Received:from mail.kshr.com.cn (unknown [223.112.89.211])
	by c1mx1 (Coremail) with SMTP id IgENCgAH6xk4UhBZHt8pBA--.57611S2;
	Mon, 08 May 2017 19:10:48 +0800 (CST)
Received:from WIN-DAC6B9VIMIN by mail.kshr.com.cn (U-Mail MailSystem)
	with ESMTP id 34-md50000009610.msg
	for <HOSTMOULD@021HOSTTEC.COM>; Mon, 08 May 2017 19:12:22 +0800
","From:hrislo@mastertec.com.cn,@kshr.com.cn
","To:HOSTMOULD@021HOSTTEC.COM
","Date:8 May 2017 19:12:43 +0800
","Authentication-Results:c1mx1; spf=pass smtp.mail=h0@kshr.com.cn;
	dmarc=pass
",,,,"X-Return-Path:h0@kshr.com.cn
",8 May 2017 19:12:43 ,2017.3521505376343
info131@huzi.com,1,0,0,1,0,0,0,0,0,2.0,1252,"Received:from lori@021hosttec.com (unknown [114.85.105.160:54974])
	by IMAP (Coremail) with SMTP id clWWXwA3BABZauRT;
	Fri, 08 Aug 2014 14:21:42 +0800 (CST)
Received:from huzi.com (unknown [117.40.61.151])
	by mail72.corpease.net (Coremail) with SMTP id PAGowAB3DisRleBTK9vTAQ--.146S2;
	Tue, 05 Aug 2014 16:25:54 +0800 (CST)
Received:from 0SC2Y8ZNJKVQ88R[127.0.0.1] by 0SC2Y8ZNJKVQ88R[127.0.0.1]
  (SMTPD32); Tue, 5 Aug 2014 16:05:35 +0800
","From:""duxrterw@zpmj6.ahgjzly.com"" <info13@huzi.com>
","To:Jelly@021hosttec.com
","Date:Tue, 5 Aug 2014 16:05:35 +0800
","Authentication-Results:mail72.corpease.net; spf=pass smtp.mail=info13
	1@huzi.com; dmarc=pass
","Sender:info131@huzi.com
",,,,"Tue, 5 Aug 2014 16:05:35 ",2014.5940860215053
021hosttec.com@bounce.twitter.com,1,0,1,0,0,0,0,0,0,2.0,1267,"Received:from lori@021hosttec.com (unknown [114.85.105.160:51012])
	by IMAP (Coremail) with SMTP id clWWXwD3BAChMOhT;
	Mon, 11 Aug 2014 13:04:16 +0800 (CST)
Received:from spruce-goose-ai.twitter.com (unknown [199.59.150.78])
	by mail9.corpease.net (Coremail) with SMTP id UAGowAB3fbGLNC5TsJ0cAA--.14373S3;
	Sun, 23 Mar 2014 09:10:36 +0800 (CST)
","From:""Twitter"" <joseff.c.luo@twitteroffice.com>,<connections@bounce.twitter.com>
","To:jelly@021hosttec.com
","Date:Sun, 23 Mar 2014 00:50:29 +0000
","Authentication-Results:mail9.corpease.net; spf=pass smtp.mail=b015229
	671djelly=021hosttec.com@bounce.twitter.com;
",,"DKIM-Signature:v=1; a=rsa-sha256; c=relaxed/relaxed; d=twitter.com;
	s=dkim-201303; t=1395535829;
	bh=dZABvHx1e1iQda97JfeCN6EwgiySb7HkU4M/YjlSzoM=;
	h=Date:From:To:Subject:MIME-Version:Content-Type:Message-ID;
	b=k9hglGMqK7EDbUFOmb5WjcDWCz2rJLA/BkegACFn/4KGxX+Yz53x4iaZ2VOsijtOg
	 DJuxMAdzFOPR+Zthcg0mByV+buiEsJOveA0czNJX8RJPhfrUxwrlMv5w2xJmQvJe+L
	 aKQHWLRKUrkY7k4miwGivW7T1fdu+SF4INuBPuL8=
",,,"Sun, 23 Mar 2014 00:50:29 ",2014.225806451613
resume@email.exhpo.com,1,0,0,0,0,0,0,0,0,1.0,1304,"Received:from email.exhpo.com (unknown [61.129.48.173])
	by mail72.corpease.net (Coremail) with SMTP id PAGowABXNxudd25TFbRyAA--.4677S2;
	Sun, 11 May 2014 03:01:49 +0800 (CST)
Received:(qmail 18751 invoked by uid 0); 10 May 2014 19:01:45 -0000
","From:<resume@email.exhpo.com>, hr@51job.com
","To:hostmould@021hosttec.com
","Date:11 May 2014 03:01:45 +0800
","Authentication-Results:mail72.corpease.net; spf=pass smtp.mail=resume
	@email.exhpo.com;
",,,,,11 May 2014 03:01:45 ,2014.3602150537633
noreply@stackoverflowemail.com,1,0,0,0,0,0,0,0,0,1.0,1311,"Received:from mailexn002.tradeindia.com (unknown [115.112.114.225])
	by mail72.corpease.net (Coremail) with SMTP id PAGowACHbCBwCfRTwrOSAg--.1538S2;
	Wed, 20 Aug 2014 10:35:30 +0800 (CST)
","From:""Stack Overflow"" <do-not-reply@stackoverflow.email>
","To:lori@021hosttec.com
","Date:Tue, 19 Aug 2014 22:11:33 +0530
","Authentication-Results:mail72.corpease.net; spf=pass smtp.mail=norepl
	y@stackoverflowemail.com;
",,,,,"Tue, 19 Aug 2014 22:11:33 ",2014.6317204301074
junln.cn,0,0,0,0,0,1,1,0,0,22.0,1345,"Received:from lori@021hosttec.com (unknown [114.85.105.160:54058])
	by IMAP (Coremail) with SMTP id clWWXwBnBgD8X+RT;
	Fri, 08 Aug 2014 15:05:05 +0800 (CST)
Received:from alirobotsoft.org (unknown [185.10.202.221])
	by mail72.corpease.net (Coremail) with SMTP id PAGowADHDGk4cppTbmMVAA--.3888S2;
	Fri, 13 Jun 2014 11:38:32 +0800 (CST)
Received:from 183.39.229.171 (unknown [14.155.43.147])
	by alirobotsoft.org (Postfix) with ESMTPA id B281418481
	for <jelly@021hosttec.com>; Fri, 13 Jun 2014 03:37:49 +0000 (UTC)
","From:""Joey Liao"" <info@alirobotsoft.org>
","To:""jelly"" <jelly@021hosttec.com>
","Date:Fri, 13 Jun 2014 11:37:08 +0800
","Authentication-Results:mail72.corpease.net; spf=pass smtp.mail=info@a
	lirobotsoft.org; dkim=pass header.i=@junln.cn; dmarc=pass
",,"DKIM-Signature:v=1; a=rsa-sha256; c=simple/simple; d=junln.cn;
	s=mail; t=1402630714;
	bh=rS9MXBQjO3xkZOl8sTvFvz/Ny4OVFS+rNllvd5SWcK0=;
	h=From:Subject:To:Content-Type:MIME-Version:Reply-To:Date;
	b=E1gE597qPfeCznlwFw/rd2ivnUm6hkAvbXdZtO7jdB4y24vBztyKOt2uc0Zf6uVK9
	 7jxyjjWoKq3YNTCE9FBTRGBeUOHMaDr3ZDKB9rYhUEZI+0LvzjKz4yw9Vu0uT/DBZ+
	 CtGVrZJ/NMaiIk2fMik38DcEMoRzgG9h8WWhC7jU=
",,,"Fri, 13 Jun 2014 11:37:08 ",2014.4489247311828
news@wm5.1to1crm.com.cn,0,0,0,1,0,0,0,0,0,1.0,1386,"Received:from lori@021hosttec.com (unknown [114.85.105.160:51012])
	by IMAP (Coremail) with SMTP id clWWXwD3BAChMOhT;
	Mon, 11 Aug 2014 11:24:38 +0800 (CST)
Received:from x205.n11.1to1crm.com.cn (unknown [118.145.19.205])
	by mail72.corpease.net (Coremail) with SMTP id PAGowABXrDC4T0ZTv6EKAA--.1682S2;
	Thu, 10 Apr 2014 16:00:56 +0800 (CST)
Received:from wm5.1to1crm.com.cn (unknown [10.10.16.33])
	by x205.n11.1to1crm.com.cn (WebMAX) with SMTP id 5FF80A0DFE
	for <jelly@021hosttec.com>; Thu, 10 Apr 2014 16:00:54 +0800 (CST)
","From:<itmaasiacitme@ciec-expo.com>, news@wm5.1to1crm.com.cn
","To:<jelly@021hosttec.com>
","Date:Thu, 10 Apr 2014 16:00:54 +0800
","Authentication-Results:mail72.corpease.net; spf=pass smtp.mail=news@w
	m5.1to1crm.com.cn;
","Sender:news@wm5.1to1crm.com.cn
",,,,"Thu, 10 Apr 2014 16:00:54 ",2014.274193548387
lonnie@sanjayplastics.com,1,0,0,0,0,0,0,0,0,1.0,1388,"Received:from lori@021hosttec.com (unknown [114.85.105.160:54058])
	by IMAP (Coremail) with SMTP id clWWXwBnBgD8X+RT;
	Fri, 08 Aug 2014 15:21:38 +0800 (CST)
Received:from mail-pb0-f42.google.com (unknown [209.85.160.42])
	by mail72.corpease.net (Coremail) with SMTP id PAGowADHoj7d3o5TaDaQAA--.11896S3;
	Wed, 04 Jun 2014 16:55:07 +0800 (CST)
Received:by mail-pb0-f42.google.com with SMTP id md12so6744553pbc.1
        for <Jelly@021hosttec.com>; Wed, 04 Jun 2014 01:54:52 -0700 (PDT)
Received:from RKA ([117.212.36.241])
        by mx.google.com with ESMTPSA id ak1sm6958946pbc.58.2014.06.04.01.25.50
        for <Jelly@021hosttec.com>
        (version=TLSv1 cipher=ECDHE-RSA-AES128-SHA bits=128/128);
        Wed, 04 Jun 2014 01:27:05 -0700 (PDT)
","From:""SPIS RKA"" <rka@sanjayplastics.com>
","To:""'Jelly'"" <Jelly@021hosttec.com>
","Date:Wed, 4 Jun 2014 13:55:45 +0530
","Authentication-Results:mail72.corpease.net; spf=pass smtp.mail=lonnie@sa
	njayplastics.com; dmarc=pass
",,,"Return-Path:<rka@sanjayplastics.com>
",,"Wed, 4 Jun 2014 13:55:45 ",2014.4247311827958
wt@51815181.com,1,0,0,1,0,0,0,0,0,2.0,1395,"Received:from lori@021hosttec.com (unknown [114.85.105.160:55382])
	by IMAP (Coremail) with SMTP id clWWXwCnEQBvb+RT;
	Fri, 08 Aug 2014 15:13:21 +0800 (CST)
Received:from mail.umail104.cn4e.com (unknown [117.27.141.170])
	by mail9.corpease.net (Coremail) with SMTP id UAGowAAXH4cC_7BTczwNAA--.2269S2;
	Mon, 30 Jun 2014 14:09:06 +0800 (CST)
Received:from umail104.cn4e.com (localhost.localdomain [127.0.0.1])
	by mail.umail104.cn4e.com (Postfix) with SMTP id 621C91F8001
	for <jelly@021hosttec.com>; Mon, 30 Jun 2014 14:09:05 +0800 (CST)
Received:from umail104.cn4e.com (localhost.localdomain [127.0.0.1])
	by mail.umail104.cn4e.com (Postfix) with SMTP
	for <jelly@021hosttec.com>; Mon, 30 Jun 2014 14:09:05 +0800 (CST)
","From:info@seaskylogistics.com @51815181.com
","To:<jelly@021hosttec.com>
","Date:Mon, 30 Jun 2014 14:09:05 +0800 (CST)
","Authentication-Results:mail9.corpease.net; spf=pass smtp.mail=wt@5181
	5181.com; dmarc=pass
","Sender:wt@51815181.com
",,,,"Mon, 30 Jun 2014 14:09:05 ",2014.494623655914
unknown,0,0,1,0,0,0,0,0,0,1.0,1439,"Received:from boromir.miranda.pl (unknown [77.65.18.77])
	by mail72.corpease.net (Coremail) with SMTP id PAGowAAXXNyQYABUunEHAw--.37420S2;
	Fri, 29 Aug 2014 19:14:30 +0800 (CST)
Received:from localhost (localhost [127.0.0.1])
	by boromir.miranda.pl (Postfix) with ESMTP id 62D0E13A0375
	for <hostmould2@021hosttec.com>; Fri, 29 Aug 2014 13:14:23 +0200 (CEST)
Received:from boromir.miranda.pl ([127.0.0.1])
	by localhost (mail.miranda.pl [127.0.0.1]) (amavisd-new, port 10026)
	with ESMTP id 9VLD1Dp4VPh4 for <hostmould2@021hosttec.com>;
	Fri, 29 Aug 2014 13:14:23 +0200 (CEST)
Received:from [172.20.7.134] (unknown [62.233.250.10])
	(Authenticated sender: llitwin@miranda.pl)
	by boromir.miranda.pl (Postfix) with ESMTPSA id 14ABA13A0308
	for <hostmould2@021hosttec.com>; Fri, 29 Aug 2014 13:14:21 +0200 (CEST)
","From:""kevin"" <xyyzeng@163.com>
From:=?utf-8?Q?=C5=81ukasz_Litwin?= <llitwin@miranda.pl>
","To:Lori <hostmould2@021hosttec.com>
","Date:Fri, 29 Aug 2014 13:14:21 +0200
","Authentication-Results:mail72.corpease.net; spf=pass smtp.mail=llitwi
	n@miranda.pl; dkim=pass header.i=@miranda.pl; dmarc=pass
",,"DKIM-Signature:v=1; a=rsa-sha256; c=relaxed/simple; d=miranda.pl; h=
	content-type:mime-version:x-mailer:subject:references
	:in-reply-to:message-id:from:date:received:received
	:x-virus-scanned; s=default; t=1409310863; bh=9CNQgEucf2CYH+Gd/f
	vWxHbkj81lgLbN5b7z2UCRzTw=; b=0bwTJxxobK5Asx0FNNGQLyxeJkH0nYsjjp
	64pp1Vw5OEhYCAJYJQd83j5VrEA07yOQRvXRwGeKAqMadNMrYejNYJ+UUHzrcj4a
	IOxnfOPjxV2GJyBZmSrlCPTredHk4tDJ5KX7rhHea+qMIVoloa9e5PPTtM2ewTG+
	9+c4mv5M4=
",,,"Fri, 29 Aug 2014 13:14:21 ",2014.6586021505375
elaine@iditarod.com.hk,1,0,0,0,0,0,0,0,0,1.0,1444,"Received:from hangzhou.u328.com (unknown [115.28.106.83])
	by mail12.corpease.net (Coremail) with SMTP id UgGowABnHtLIKL5Te+VwAQ--.10398S3;
	Thu, 10 Jul 2014 13:46:49 +0800 (CST)
Received:from AMYWAN (unknown [116.231.144.217])
	by hangzhou.u328.com (Postfix) with ESMTPA id 515FFE8213;
	Thu, 10 Jul 2014 13:46:48 +0800 (CST)
","From:""Amy(Iditarod Shanghai)"" <amy-sh@iditarod.com.hk>
","To:Lori <hostmould2@021hosttec.com>
","Date:Thu, 10 Jul 2014 13:46:49 +0800
","Authentication-Results:mail12.corpease.net; spf=pass smtp.mail=elaine
	@iditarod.com.hk; dmarc=pass
",,,,,"Thu, 10 Jul 2014 13:46:49 ",2014.524193548387
unknown,0,0,0,0,1,0,0,0,0,16.5,1451,"Received:from lori@021hosttec.com (unknown [114.85.105.160:54980])
	by IMAP (Coremail) with SMTP id clWWXwCnAQBmauRT;
	Fri, 08 Aug 2014 14:23:53 +0800 (CST)
Received:from xn--outlk-myea.com (unknown [115.238.128.153])
	by mail72.corpease.net (Coremail) with SMTP id PAGowAD3_SFRDNhT_gGBAQ--.1487S2;
	Wed, 30 Jul 2014 05:04:22 +0800 (CST)
","From:=?gb2312?B?tqHYoQ==?= <spbrjlos@xn--outlk-myea.com>
","To:<jelly@021hosttec.com>
","Date:Thu, 31 Jul 2014 05:19:47 +0800
","Authentication-Results:mail72.corpease.net; spf=pass smtp.mail=spb
	rjlos@xn--outlk-myea.com; dmarc=pass
",,,,,"Thu, 31 Jul 2014 05:19:47 ",2014.5806451612902
uozpxbi@ppmdzy.com,1,0,0,0,0,0,0,0,0,1.0,1492,"Received:from lori@021hosttec.com (unknown [114.85.105.160:57797])
	by IMAP (Coremail) with SMTP id clWWXwB3BgBskeRT;
	Fri, 08 Aug 2014 17:32:32 +0800 (CST)
","From:wuzei8625@163.com@ppmdzy.com
","To:Jelly@021hosttec.com
","Date:Tue, 15 Apr 2014 11:37:53 +0200 (CEST)
","Authentication-Results:mail72.corpease.net; spf=pass smtp.mail=uozpxbi
	@ppmdzy.com; dmarc=pass
",,,,,"Tue, 15 Apr 2014 11:37:53 ",2014.2876344086021
unknown,0,0,0,0,1,0,0,0,0,16.5,1517,"Received:from mail.xn--mail-z7b.com (unknown [223.112.89.211])
	by c1mx3 (Coremail) with SMTP id JAENCgAXsBhpGiZZpOasAA--.19693S2;
	Thu, 25 May 2017 07:42:33 +0800 (CST)
Received:from WIN-DAC6B9VIMIN by mail.xn--mail-z7b.com (U-Mail MailSystem)
	with ESMTP id 03-md50000011068.msg
	for <HOSTMOULD@021HOSTTEC.COM>; Thu, 25 May 2017 07:42:22 +0800
","From:h0@xn--mail-z7b.com
","To:HOSTMOULD@021HOSTTEC.COM
","Date:25 May 2017 07:42:35 +0800
","Authentication-Results:c1mx3; spf=pass smtp.mail=h0@xn--mail-z7b.com;
	dmarc=pass
",,,,,25 May 2017 07:42:35 ,2017.3978494623655
stcweier.com,0,0,0,0,0,1,1,0,0,22.0,1534,"Received:from jplinode-rsdnproxy-2.icoremail.net (unknown [203.156.197.153])
	by c1mx2 (Coremail) with SMTP id IwENCgC3UnWdvOpXMwMCAA--.1943S2;
	Wed, 28 Sep 2016 02:38:26 +0800 (CST)
Received:from a.wrfrw.net (unknown [203.156.197.153])
	by fralinode-mxproxy-1-c2.icoremail.net (Coremail) with SMTP id AQAAfwCHjsaVvOpXQFcDAA--.4203S2;
	Wed, 28 Sep 2016 02:38:35 +0800 (CST)
Received:from rsuwyzbd (unknown [58.40.227.67])
	by a.wrfrw.net (Postfix) with ESMTPA id AC6B938DE2
	for <wanmei@010101.cc>; Tue, 27 Sep 2016 23:54:28 +0800 (CST)
","From:""ts7@a.wrfrw.net"" <ts7@a.wrfrw.net>
","To:""wanmei"" <wanmei@010101.cc>
","Date:Wed, 28 Sep 2016 00:00:14 +0800
","Authentication-Results:c1mx2; spf=pass smtp.mail=ts7@a.wrfrw.net; dki
	m=pass header.i=@stcweier.com; dmarc=pass
",,"DKIM-Signature:v=1; a=rsa-sha256; c=relaxed/relaxed; d=stcweier.com;
	s=default; t=1474991668;
	bh=aUTsiLIXIOt7EKiWMFZSuFqowhWYo8jjcAYo+6H+qPk=;
	h=From:Reply-To:To:Subject:Date:From;
	b=dF6o1ofacIwSGCL8dfN633Ze+WxNtFkRyTrY7/Kil3J9ykfEaSNIpelgXX2q6Rj/0
	 lI4axJsDcVAh+MIPyNikInR4n4ULQm/q3dfTVOSk73IJp6fvevLpB/gxiCYSC5Lxyh
	 Q9hXzgEZhkyesevkJaLAQdqBp/GbIrZR5pLFwDa4=
",,,"Wed, 28 Sep 2016 00:00:14 ",2016.739247311828
newsletter@ringier-mail.com,1,1,0,1,0,0,0,0,0,7.5,1753,"Received:from smtp-nw233-38.rsbn10.com (unknown [58.64.233.38])
	by mail72.corpease.net (Coremail) with SMTP id PAGowAD3_6cTTXxTHmWUAQ--.8994S2;
	Wed, 21 May 2014 14:52:03 +0800 (CST)
Received:from WINDOWS-5EA3AD6 (smtp6125.respread.net [203.186.97.125])
	by smtp-nw233-38.rsbn10.com (Postfix) with ESMTPA id 0FC0C62D15
	for <hostmould2@021hosttec.com>; Wed, 21 May 2014 14:52:03 +0800 (HKT)
","From:""=?utf-8?B?5LiW55WM5rO15LiaLeS4reWbveeJiA==?="" <Newsletter@ringiermail.com> 
","To:""hostmould2@021hosttec.com"" <hostmould2@021hosttec.com>
","Date:Wed, 21 May 2014 14:51:48 +0800
","Authentication-Results:mail72.corpease.net; spf=permerror smtp.mail=n
	ewsletter@ringier-mail.com;
","Sender:newsletter@ringier-mail.com
",,,,"Wed, 21 May 2014 14:51:48 ",2014.3870967741934
unknown,0,0,0,0,1,0,0,0,0,16.5,1856,"Received:from smtpbg286.xn--80aa1cn6g67a.com (unknown [119.147.193.147])
	by mail9.corpease.net (Coremail) with SMTP id UAGowABXjQnA_CdXqvUDAA--.9915S3;
	Tue, 03 May 2016 09:20:02 +0800 (CST)
","From:""=?utf-8?B?UVHlronlhajkuK3lv4M=?="" <service@xn--80aa1cn6g67a.com>
","To:hostmould@021hosttec.com
","Date:Tue, 3 May 2016 9:19:59 +0800
","Authentication-Results:mail9.corpease.net; spf=pass smtp.mail=serv
	ice@xn--80aa1cn6g67a.com; dmarc=pass
",,,,,"Tue, 3 May 2016 9:19:59 ",2016.3387096774193
unknown,0,0,0,0,1,0,0,0,0,16.5,1979,"Received:from xn--webo-m9d.com (unknown [101.71.37.65])
	by mail9.corpease.net (Coremail) with SMTP id UAGowAAX6L2KAAdV3U1fAQ--.2806S2;
	Tue, 17 Mar 2015 00:10:50 +0800 (CST)
Received:from fdbslhpu (unknown [191.154.149.64])
	by xn--webo-m9d.com with SMTP id pGGOLSrLfizoa4eP.1
	for <hostmould@021hosttec.com>; Tue, 17 Mar 2015 00:09:18 +0800
","From:""gwl"" <bfetrbzj@xn--webo-m9d.com>
","To:<hostmould@021hosttec.com>
","Date:Tue, 17 Mar 2015 00:09:06 +0800
","Authentication-Results:mail9.corpease.net; spf=pass smtp.mail=bfetrbz
	j@xn--webo-m9d.com; dmarc=pass
",,,,,"Tue, 17 Mar 2015 00:09:06 ",2015.2096774193549
uh1pe@kdkf.taxeight.com,1,0,0,0,0,0,0,0,0,1.0,2001,"Received:from sglinode-rsdnproxy-2.icoremail.net (unknown [185.180.230.25])
	by c1mx2 (Coremail) with SMTP id IwENCgBHL4HKyJNak2XWBQ--.40372S2;
	Mon, 26 Feb 2018 16:43:55 +0800 (CST)
Received:from mx40.kdkf.taxeight.com (unknown [185.180.230.25])
	by fralinode-mxproxy-1.icoremail.net (Coremail) with SMTP id AQAAfwCH81_yyJNa9telAA--.243S2;
	Mon, 26 Feb 2018 16:44:36 +0800 (CST)
Received:from localhost (localhost.localdomain [127.0.0.1])
	by mx40.kdkf.taxeight.com (Postfix) with SMTP id 8051A2DA8
	for <hostmould@021hosttec.com>; Mon, 26 Feb 2018 03:44:32 -0500 (EST)
","From:renling@xftm.com)@kdkf.taxeight.com
","To:hostmould@021hosttec.com
","Date:Mon, 26 Feb 2018 03:44:32 -0500
","Authentication-Results:c1mx2; spf=pass smtp.mail=uh1pe@kdkf
	.taxeight.com; dmarc=pass
",,,,,"Mon, 26 Feb 2018 03:44:32 ",2018.1505376344085
topeasy9@gmail.com,1,0,0,1,0,0,0,0,0,2.0,2035,"Received:from lori@021hosttec.com (unknown [114.85.105.160:56260])
	by IMAP (Coremail) with SMTP id clWWXwCHCwB8fuRT;
	Fri, 08 Aug 2014 15:51:15 +0800 (CST)
Received:from Gmail.com (unknown [117.43.65.79])
	by mail72.corpease.net (Coremail) with SMTP id PAGowABHrxniH3NTQIvJAA--.269S2;
	Wed, 14 May 2014 15:48:51 +0800 (CST)
Received:from PC-20140409OCZJ[127.0.0.1] by PC-20140409OCZJ[127.0.0.1]
  (SMTPD32); Wed, 14 May 2014 15:20:26 +0800
","From:""season"" <season@gmail.com>
","To:Jelly@021hosttec.com
","Date:Wed, 14 May 2014 15:20:26 +0800
","Authentication-Results:mail72.corpease.net; spf=pass smtp.mail=to
	peasy9@gmail.com; dmarc=pass
","Sender:topeasy9@Gmail.com
",,,,"Wed, 14 May 2014 15:20:26 ",2014.3682795698924
unknown,0,1,0,0,0,0,0,0,0,5.5,2047,"Received:from mailtx1.nate.com (unknown [117.53.114.131])
	by mail72.corpease.net (Coremail) with SMTP id PAGowACXng4NDfNThRqJAg--.285S2;
	Tue, 19 Aug 2014 16:39:03 +0800 (CST)
Received:from external ([10.234.214.142])
	by mailtx1 (1.0) id s7J8cXD002B2;
	Tue, 19 Aug 2014 17:38:33 +0900
","From:""=?UTF-8?B?7ZWc7ZmU7JiB?="" <rogogo@nate.com>
","To:""=?UTF-8?B?TG9yaQ==?="" <hostmould2@021hosttec.com>
","Date:Tue, 19 Aug 2014 17:38:32 +0900
","Authentication-Results:mail72.corpease.net; spf=neutral smtp.mail=;
",,,,,"Tue, 19 Aug 2014 17:38:32 ",2014.6317204301074
unknown,0,1,0,0,0,0,0,0,0,5.5,2052,"Received:from imta-37.everyone.net (unknown [216.200.145.37])
	by mail72.corpease.net (Coremail) with SMTP id PAGowAAH5xraonJTvQq+AA--.1891S3;
	Wed, 14 May 2014 06:55:29 +0800 (CST)
Received:from pps.filterd (omta004.sj2.proofpoint.com [127.0.0.1])
	by imta-38.everyone.net (8.14.5/8.14.5) with SMTP id s4DMt0ke020651
	for <hostmould2@021hosttec.com>; Tue, 13 May 2014 15:55:22 -0700
Received:by dm0202.mta.everyone.net (EON-AUTHRELAY2 - be6ade1d) id dm0202.5370eace.156165
	for <hostmould2@021hosttec.com>; Tue, 13 May 2014 15:54:16 -0700
","From:""Herbert Sosa"" <g.sosa@colchassosa.com>
","To:""'Lori'"" <hostmould2@021hosttec.com>
","Date:Tue, 13 May 2014 16:54:16 -0600
","Authentication-Results:mail72.corpease.net; spf=neutral smtp.mail=;
",,,,,"Tue, 13 May 2014 16:54:16 -0600
Message-ID: <!&!AAAAAAAAAAAYAAAAAAAAAJefOcbXuW5FkDzdSw0ASjvCgAAAEAAAAJKbIwqGpixDgCECmBBrcGsBAAAAAA==@colchassosa.com>
MIME-Version: 1.0
Content-Type: multipart/mixed;
	boundary=""----=_NextPart_000_002E_01CF6ECB.FABE0F90""
X-Mailer: Microsoft Outlook 14.0
Thread-Index: Ac9u",2014.3655913978494
yej@sh.adsale.com.hk,1,0,0,0,0,0,0,0,0,1.0,2063,"Received:from lori@021hosttec.com (unknown [114.85.105.160:54058])
	by IMAP (Coremail) with SMTP id clWWXwBnBgD8X+RT;
	Fri, 08 Aug 2014 14:26:54 +0800 (CST)
Received:from mail.adsale.com.hk (unknown [203.85.30.194])
	by mail9.corpease.net (Coremail) with SMTP id UAGowADnf+v5SM9TMtdAAQ--.15483S2;
	Wed, 23 Jul 2014 13:32:41 +0800 (CST)
","From:info@sh.adsale.com.hk
","To:Jelly@021hosttec.com
","Date:Wed, 23 Jul 2014 13:32:46 +0800
","Authentication-Results:mail9.corpease.net; spf=pass smtp.mail=yej@sh
	.adsale.com.hk; dmarc=pass
",,,,,"Wed, 23 Jul 2014 13:32:46 ",2014.5591397849462
epayment@ctan.org,1,0,0,0,0,0,1,0,0,17.5,2102,"Received:from lori@021hosttec.com (unknown [114.85.105.160:54058])
	by IMAP (Coremail) with SMTP id clWWXwBnBgD8X+RT;
	Fri, 08 Aug 2014 14:12:52 +0800 (CST)
Received:by 10.220.215.1 with HTTP; Wed, 6 Aug 2014 23:26:44 -0700 (PDT)
","From:""Systems"" <system@1e100.net>
","To:Deepak Sharda <deepak@shardasystems.co.in>
","Date:Thu, 7 Aug 2014 11:56:44 +0530
","Authentication-Results:mail9.corpease.net; spf=pass smtp.mail=epayment@
	ctan.org; dkim=pass header.i=@1e100.net; dmarc=pass
",,"DKIM-Signature:v=1; a=rsa-sha256; c=relaxed/relaxed;
    d=1e100.net; s=20130820.ctan.org .2013;
    h=mime-version:date:message-id:subject:from:to
    :content-type;
    bh=7tB3NXtBAzcssCxe/ZShmiL0HuyJIYybSSuXN70wXoo=;
    b=m3XMXJkpCAFG1jP9A2y/oHhvHwyRzN9AbtwK1GX6EA/W3bqGTjhf71Q5wYdyHo0jIv
    mZivY9jgg0hIZ3YeS/v7F6pF1s3TGTHBNbh9WnsvOaylmFeVyEFUu3GUFl+p9LgxJp3a
    iFZRTBBC7A1PYvoEVFi1guvMU2nCv5SqtTayBZfK3mhOKLy+YB8XY2KIWvwJcWYD2kQO
    8GSuX9S9N9Qfe6Nn+OKlS6BwVwC6ndkGMsldjZ6Joc95UJFV/z9Bw2DTQwH14WinoP5s
    QrPf++uwS+RahgmUADfy2N9jb6QaZnLfc0wjm6t9YcGYeIEJesp3SjeCSHN4mL5NAg2V
    +5zw==
",,,"Thu, 7 Aug 2014 11:56:44 ",2014.5994623655913
unknown,0,1,0,0,0,0,0,0,0,5.5,2214,"Received:from baidu.com (unknown [220.181.50.208])
	by mail72.corpease.net (Coremail) with SMTP id PAGowADHGTBP4PpT0c_LAg--.15848S3;
	Mon, 25 Aug 2014 15:05:51 +0800 (CST)
Received:from BB-MAIL-FE01.internal.baidu.com (172.22.2.79) by
 email.baidu.com (172.22.2.47) with Microsoft SMTP Server (TLS) id 14.2.247.3;
 Mon, 25 Aug 2014 15:05:50 +0800
Received:from WXSHG120964Z (116.236.146.22) by email.baidu.com (172.22.2.51)
 with Microsoft SMTP Server (TLS) id 14.3.174.1; Mon, 25 Aug 2014 15:03:00
 +0800
","From:zhengsiqi <zhengsiqi@sh.baidu.com>
","To:Lori <hostmould2@021hosttec.com>
","Date:Mon, 25 Aug 2014 15:02:59 +0800
","Authentication-Results:mail72.corpease.net; spf=none smtp.mail=zhengs
	iqi@sh.baidu.com;
",,,"Return-Path:zhengsiqi@sh.baidu.com
",,"Mon, 25 Aug 2014 15:02:59 ",2014.6478494623655
cec_emagazine@emedia.globalsources.com,0,1,0,1,0,0,0,0,0,6.5,2266,"Received:from lori@021hosttec.com (unknown [114.85.105.160:55382])
	by IMAP (Coremail) with SMTP id clWWXwCnEQBvb+RT;
	Fri, 08 Aug 2014 15:09:25 +0800 (CST)
","From:=?gbk?B?ysC9576twO3Iy7Xn19PU09a+?= <wwwcec@globalsources.com>
","To:jelly@021hosttec.com
","Date:Thu, 26 Jun 2014 14:29:40 +0800 (HKT)
","Authentication-Results:mail72.corpease.net; spf=neutral smtp.mail=;
","Sender:cec_emagazine@emedia.globalsources.com
",,,,"Thu, 26 Jun 2014 14:29:40 ",2014.483870967742
unknown,0,0,1,0,0,0,0,0,0,1.0,2328,"Received:from lori@021hosttec.com (unknown [114.85.105.160:55382])
	by IMAP (Coremail) with SMTP id clWWXwCnEQBvb+RT;
	Fri, 08 Aug 2014 15:18:32 +0800 (CST)
Received:from nm2-vm1.bullet.mail.ne1.yahoo.com (unknown [98.138.91.33])
	by mail9.corpease.net (Coremail) with SMTP id UAGowACXFT3D2o5Tdx2RAA--.229S3;
	Wed, 04 Jun 2014 16:37:31 +0800 (CST)
Received:from [98.138.226.180] by nm2.bullet.mail.ne1.yahoo.com with NNFMP; 04 Jun 2014 08:37:22 -0000
Received:from [98.138.89.169] by tm15.bullet.mail.ne1.yahoo.com with NNFMP; 04 Jun 2014 08:37:22 -0000
Received:from [127.0.0.1] by omp1025.mail.ne1.yahoo.com with NNFMP; 04 Jun 2014 08:37:22 -0000
Received:(qmail 32945 invoked by uid 60001); 4 Jun 2014 08:37:22 -0000
Received:from [5.232.246.177] by web120502.mail.ne1.yahoo.com via HTTP; Wed, 04 Jun 2014 01:37:22 PDT
","From:""Alexandre Lda."" <sumiti@om-associates.com>
From:Hossein Shahab <shahabhossein57@yahoo.com>
","To:Jelly <Jelly@021hosttec.com>
","Date:Wed, 4 Jun 2014 01:37:22 -0700 (PDT)
","Authentication-Results:mail9.corpease.net; spf=pass smtp.mail=shahabh
	ossein57@yahoo.com; dkim=pass header.i=@yahoo.com; dmarc=pass
",,"DKIM-Signature:v=1; a=rsa-sha256; c=relaxed/relaxed; d=yahoo.com; s=s1024; t=1401871042; bh=YlXi8GnZ7vVBuZdZB27dsOtFGzMhCOkT+cuMAEoNnkg=; h=References:Message-ID:Date:From:Reply-To:Subject:To:In-Reply-To:MIME-Version:Content-Type; b=B3jsc86yCk/Ue/dt5bw9Lm4fgRrDTLtIJMtJ1lOdYEpWKWO+slRuEisBxfI4KFq8s81Tt9EV/JOgRIANpZsDMZnjJvGvyVSv6xw8kaxiwAL/g4QDXz46pc3AWvqS2pB4g7InphkzBjHn4DwzotilC0wc34qLHz+oS4ZGxSDkPjg=
",,,"Wed, 4 Jun 2014 01:37:22 ",2014.4247311827958
h0@kshr.com.cn,1,0,0,0,0,0,0,0,1,2.0,2332,"Received:from mail.kshr.com.cn (unknown [223.112.89.211])
	by c1mx1 (Coremail) with SMTP id IgENCgAX+hjxAhRZMv1bBA--.30018S2;
	Thu, 11 May 2017 14:21:37 +0800 (CST)
Received:from WIN-DAC6B9VIMIN by mail.kshr.com.cn (U-Mail MailSystem)
	with ESMTP id 32-md50000009868.msg
	for <HOSTMOULD@021HOSTTEC.COM>; Thu, 11 May 2017 14:23:04 +0800
","From:master@hevttc.edu.cn(@kshr.com.cn
","To:HOSTMOULD@021HOSTTEC.COM
","Date:11 May 2017 14:23:26 +0800
","Authentication-Results:c1mx1; spf=pass smtp.mail=h0@kshr.com.cn; dmarc=pass
",,,,"X-Return-Path:h0@kshr.com.cn
",11 May 2017 14:23:26 ,2017.3602150537633
cec_emagazine@emedia.globalsources.com,0,0,1,1,0,0,0,0,0,2.0,2416,"Received:from lori@021hosttec.com (unknown [114.85.105.160:54058])
	by IMAP (Coremail) with SMTP id clWWXwBnBgD8X+RT;
	Fri, 08 Aug 2014 15:04:40 +0800 (CST)
Received:from camellia1.globalsources.com (unknown [218.189.44.41])
	by mail72.corpease.net (Coremail) with SMTP id PAGowADnhw08nZlTvq8MAA--.829S4;
	Thu, 12 Jun 2014 20:32:02 +0800 (CST)
Received:from camellia1.globalsources.com (hkcecdmbatch.globalsources.com [127.0.0.1])
	by camellia1.globalsources.com (8.14.4/8.14.2) with ESMTP id s5CA0cs0017183
	for <jelly@021hosttec.com>; Thu, 12 Jun 2014 18:00:38 +0800
Received:from camellia1.globalsources.com (hkcecdmbatch.globalsources.com [127.0.0.1])
	by camellia1.globalsources.com (8.14.4/8.14.2) with ESMTP id s5CA0cWr017178
	for <jelly@021hosttec.com>; Thu, 12 Jun 2014 18:00:38 +0800
","From:=?gbk?B?ysC9576twO3Iy7Xn19PU09a+?= <wwwcec@globalsources.com>, <cec_emagazine@emedia.globalsources.com>
","To:jelly@021hosttec.com
","Date:Thu, 12 Jun 2014 18:00:38 +0800 (HKT)
","Authentication-Results:mail72.corpease.net; spf=pass smtp.mail=cec_em
	agazine@emedia.globalsources.com;
","Sender:cec_emagazine@emedia.globalsources.com
",,,,"Thu, 12 Jun 2014 18:00:38 ",2014.4462365591398
unknown,0,1,0,0,0,0,0,0,0,5.5,2417,"Received:from lori@021hosttec.com (unknown [114.85.105.160:54058])
	by IMAP (Coremail) with SMTP id clWWXwBnBgD8X+RT;
	Fri, 08 Aug 2014 14:27:46 +0800 (CST)
Received:from ns6.prosetnet.com (unknown [31.210.157.166])
	by mail12.corpease.net (Coremail) with SMTP id UgGowADHxiljz8hTg5PbAQ--.5446S3;
	Fri, 18 Jul 2014 15:40:28 +0800 (CST)
Received:from [192.168.1.33] ([78.178.15.154])
        by ns6.prosetnet.com (IceWarp 9.4.0) with ASMTP (SSL) id EOG68916;
        Fri, 18 Jul 2014 10:40:16 +0300
","From:=?ISO-8859-9?Q?Ali_Karaku=FE?= <info@karakusdizim.com.tr>
","To:Lori@021hosttec.com, Jelly@021hosttec.com, hostmould2@021hosttec.com
","Date:Fri, 18 Jul 2014 10:39:55 +0300
","Authentication-Results:mail12.corpease.net; spf=neutral smtp.mail=;
",,,,,"Fri, 18 Jul 2014 10:39:55 ",2014.5456989247311
promotion@cholatextile.com,1,0,0,0,1,0,1,0,0,34.0,2439,"Received:from o2.shared.sendgrid.net (unknown [74.63.235.152])
	by mail9.corpease.net (Coremail) with SMTP id UAGowACHjYWHPO5T2ch6Ag--.1536S3;
	Sat, 16 Aug 2014 00:59:55 +0800 (CST)
Received:by mf135.sendgrid.net with SMTP id mf135.31620.53EE3C6626
        2014-08-15 16:59:45.136110922 +0000 UTC
Received:from MailServer2.sendgrid.me (unknown [82.196.2.45])
	by ismtpd-005.ams1.sendgrid.net (SG) with ESMTP id 147da9c3bc9.64f7.5443
	Fri, 15 Aug 2014 16:59:37 +0000 (GMT)
Received:by MailServer2.sendgrid.me (Postfix, from userid 48)
	id 122B41C17B4; Fri, 15 Aug 2014 16:59:34 +0000 (UTC)
","From:Advertisement <promotion@sendgrid.me>
","To:Lori <hostmould2@021hosttec.com>;
","Date:Fri, 15 Aug 2014 22:29:15 +0530
","Authentication-Results:mail9.corpease.net; spf=pass smtp.mail=promoti
	on@cholatextile.com; dkim=pass header.i=@sendgrid.me; dmarc=pass
",,"DKIM-Signature:v=1; a=rsa-sha1; c=relaxed; d=sendgrid.me; 
	h=to:subject:mime-version:content-type:from:reply-to; s=smtpapi; 
	bh=ExXJ1R4Zt+9ZqBpAca63cjZcyJk=; b=cdmjVMD1HVlPE5aJ4qVyEOv8MUx92
	kYa6k/RplhXVZIsAr5dQ4JBGclAHlHq8Rdw1/yR5sgyF7+Q/IcoT6UnJKuuiSApD
	XSfcu/XQr6NxORO/psX4E631bGs/AfSB4+jwM4KAccz/Pz7/Y5SCKznNeL0+vdxx
	hbeoxQhGusnLHI=
",,,"Fri, 15 Aug 2014 22:29:15 ",2014.6209677419354
unknown,0,1,0,0,0,0,0,0,0,5.5,2608,"Received:from m50-212.qiye.163.com (unknown [123.125.50.212])
	by mail12.corpease.net (Coremail) with SMTP id UgGowADn7ro0HyJXVsSRAA--.12979S2;
	Thu, 28 Apr 2016 22:33:25 +0800 (CST)
Received:from PC-20140704CYZF (unknown [183.209.250.177])
	by smtp4 (Coremail) with SMTP id PtOowEA54EUqHyJXjN_WAA--.2376S2;
	Thu, 28 Apr 2016 22:33:17 +0800 (CST)
","From:""lh@pratic-cnc.com"" <lh@pratic-cnc.com>
","To:hostmould <hostmould@021hosttec.com>
","Date:Thu, 28 Apr 2016 22:33:55 +0800
","Authentication-Results:mail12.corpease.net; spf=fail smtp.mail=lh
	@pratic-cnc.com;
",,,,,"Thu, 28 Apr 2016 22:33:55 ",2016.3225806451612
newsletter2@ringier-mail.com,1,0,1,1,0,0,0,0,0,3.0,2708,"Received:from smtp533.rsac4.com (unknown [204.10.77.33])
	by mail9.corpease.net (Coremail) with SMTP id UAGowACHjwvct41TJT+FAA--.2161S2;
	Tue, 03 Jun 2014 19:56:13 +0800 (CST)
Received:from DS1173 (ds1173.activeserve.com [204.10.77.211])
	by smtp533.rsac4.com (Postfix) with ESMTPA id B7217101633
	for <hostmould2@021hosttec.com>; Tue,  3 Jun 2014 08:06:38 -0400 (EDT)
","From:""=?utf-8?B?5Zu96ZmF6YeR5bGe5Yqg5bel5ZWG5oOF?="" <simonan@edgamegroup.com>, <Newsletter@ringier-mail.com> 
","To:""hostmould2@021hosttec.com"" <hostmould2@021hosttec.com>
","Date:Tue, 03 Jun 2014 19:48:39 +0800
","Authentication-Results:mail9.corpease.net; spf=pass smtp.mail=newslet
	ter2@ringier-mail.com;
","Sender:newsletter2@ringier-mail.com
",,,,"Tue, 03 Jun 2014 19:48:39 ",2014.4220430107528
no-reply@xn--tabao-kye.com,1,0,0,0,1,0,0,0,0,17.5,2753,"Received:from mx265.xn--tabao-kye.com (unknown [211.149.148.128])
	by c1mx1 (Coremail) with SMTP id IgENCgDXOhdnylBYt1uwAQ--.45737S2;
	Wed, 14 Dec 2016 12:28:23 +0800 (CST)
","From:""=?UTF-8?B?5ZCN54mH5YWo6IO9546L?="" <no-reply@biz.xn--tabao-kye.com>
","To:""=?UTF-8?B?d2FubWVpQDAxMDEwMS5jYw==?="" <wanmei@010101.cc>
","Date:Wed, 14 Dec 2016 04:22:50 GMT
","Authentication-Results:c1mx1; spf=pass smtp.mail=no-reply@xn--tabao
	-kye.com; dkim=pass header.i=@xn--tabao-kye.com; dmarc=pass
",,"DKIM-Signature:v=1; a=rsa-sha256; c=relaxed/relaxed; d=xn--tabao-kye.com; s=default;
  t=1481689370; bh=iNe4Fwva4nqHTotHv59MJRfcfZ6UzIzifqn3I+0y5cc=;
  h=From:To:Date:Message-Id:Subject:List-Unsubscribe:
    Content-Type:MIME-Version:X-Mailer;
  b=CqnV9WLfD2FKdHKeMZM1j9a9emKGzjDJRblH4Pb75Ugkw3evRRB7S4Q
    zatAxsiQ7ij+u9yVCnYGhRJTbpTmvAh2e3ICphM5+emxFA10xhEPVSA
    COHHJjQCAND9l1Y1GfmaqRY5QybsPcAzxqu8AOl3gu+4lRnurb1/rULqlzKJ8=
",,,"Wed, 14 Dec 2016 04:22:50 GMT
Content-Type: text/html; charset=""utf-8""
MIME-Version: 1.0
X-Mailer: IntSig
DKIM-Signature: v=1; a=rsa-sha256; c=relaxed/relaxed; d=xn--tabao-kye.com; s=default;
  t=1481689370; bh=iNe4Fwva4nqHTotHv59MJRfcfZ6UzIzifqn3I",2016.9516129032259
saravanawood@web0515.net,1,0,0,0,0,0,1,0,0,17.5,2773,"Received:from nm24-vm4.bullet.mail.sg3.yahoo.com (unknown [106.10.151.83])
	by mail12.corpease.net (Coremail) with SMTP id UgGowADnNbFPCeNTZq_ZAg--.372S3;
	Thu, 07 Aug 2014 13:06:25 +0800 (CST)
Received:from [106.10.166.62] by nm24.bullet.mail.sg3.yahoo.com with NNFMP; 07 Aug 2014 05:03:19 -0000
Received:from [106.10.167.154] by tm19.bullet.mail.sg3.yahoo.com with NNFMP; 07 Aug 2014 05:03:19 -0000
Received:from [127.0.0.1] by smtp127.mail.sg3.yahoo.com with NNFMP; 07 Aug 2014 05:03:19 -0000
","From:Sales <sales@yahoo.co.in>
","To:Lori <hostmould2@021hosttec.com>
","Date:Thu, 07 Aug 2014 10:33:31 +0530
","Authentication-Results:mail12.corpease.net; spf=pass smtp.mail=sarava
	nawood@web0515.net; dkim=pass header.i=@yahoo.co.in; dkim=pass header.
	i=@yahoo.co.in; dmarc=pass
",,"DKIM-Signature:v=1; a=rsa-sha256; c=relaxed/relaxed; d=yahoo.co.in; s=s1024; t=1407387799; bh=ZDH+SLBLhDxGVkFDrnoPHmQg4+dHKHa0FTUfOGuVz1o=; h=X-Yahoo-Newman-Id:X-Yahoo-Newman-Property:X-YMail-OSG:X-Yahoo-SMTP:Date:Subject:Message-ID:Importance:From:To:MIME-Version:Content-Type; b=4kT153OB5CN78KkillhgoohKmZJgDBJri3rhPAR1xBQGaCY57GPB9xFrKgixfA2sTmgV1ElyKOA7qXC2Pg7+yx3nsbWeKHGRpe3ajWKsd1FlIDqHlIK9TYinQddOC2yYdBuC3z4L20j11IPkZvZ7qI1ZVteDHviZhvNvXJ1NA+w=
",,,"Thu, 07 Aug 2014 10:33:31 ",2014.5994623655913
unknown,0,0,0,0,1,0,0,0,0,16.5,2790,"Received:from mail.xn--payal-xye.com (unknown [223.112.89.211])
	by c1mx1 (Coremail) with SMTP id IgENCgBnqMLi_lpZPBoyAA--.31194S2;
	Tue, 04 Jul 2017 10:35:14 +0800 (CST)
Received:from WIN-DAC6B9VIMIN by mail.xn--payal-xye.com (U-Mail MailSystem)
	with ESMTP id 05-md50000013429.msg
	for <HOSTMOULD@021HOSTTEC.COM>; Tue, 04 Jul 2017 10:35:30 +0800
","From:h0@xn--payal-xye.com
","To:HOSTMOULD@021HOSTTEC.COM
","Date:4 Jul 2017 10:37:09 +0800
","Authentication-Results:c1mx1; spf=pass smtp.mail=h0@xn--payal-xye.com;
	dmarc=pass
",,,,"X-Return-Path:h0@xn--payal-xye.com
",4 Jul 2017 10:37:09 ,2017.508064516129
papa.shanghai@email2windows.com,1,0,1,0,0,0,0,0,0,2.0,2819,"Received:from smtp2213-184.mail.aliyun.com (unknown [121.197.213.184])
	by mail9.corpease.net (Coremail) with SMTP id UAGowADn7VEmrVFUq9DIAA--.8314S2;
	Thu, 30 Oct 2014 11:14:46 +0800 (CST)
Received:from papa(mailfrom:shanghai@email2windows.com ip:180.168.115.110)
          by smtp.aliyun-inc.com(10.194.100.35);
          Thu, 30 Oct 2014 11:14:49 +0800
","From:""Windows"" <windows@email2.microsoft.com>, <shanghai@email2windows.com>
","To:""Lori"" <lori@021hosttec.com>
","Date:Thu, 30 Oct 2014 11:14:48 +0800
","Authentication-Results:mail9.corpease.net; spf=pass smtp.mail=pa
	pa.shanghai@email2windows.com;
",,,,,"Thu, 30 Oct 2014 11:14:48 ",2014.8279569892472
management@exproess-ship.pw,1,0,0,0,0,0,0,0,0,1.0,2908,"Received:from lori@021hosttec.com (unknown [114.85.105.160:56260])
	by IMAP (Coremail) with SMTP id clWWXwCHCwB8fuRT;
	Fri, 08 Aug 2014 15:51:53 +0800 (CST)
Received:from mailb-bc.exproess-ship.pw (unknown [108.174.3.155])
	by mail72.corpease.net (Coremail) with SMTP id PAGowADHd8_JNHNTtArMAA--.5687S3;
	Wed, 14 May 2014 17:18:04 +0800 (CST)
","From:Faisal Nadeem nadeem via LinkedIn <member@linkedin.com>
","To:jelly jiao <jelly@021hosttec.com>
","Date:Wed, 14 May 2014 09:17:54 +0000 (UTC)
","Authentication-Results:mail72.corpease.net; spf=pass smtp.mail=management@
	exproess-ship.pw; dkim=pass header.i=linkedin.com; dmarc=pass
",,"DKIM-Signature:v=1; a=rsa-sha256; c=relaxed/relaxed; d=linkedin.com;
	s=dkim1024.exproess-ship.pw .test; t=1400059075;
	bh=yhjO6zBsEI6w5J8SEfnNM8ExVfHISB4medX58KMKYIM=;
	h=Date:From:To:Subject:MIME-Version:Content-Type;
	b=zyWXdJAXRfU9Ruqb7MynpFs/ySxitByr57RhkvNfGa3VZcpRD6M++i3IVWo3WEsl2
	 KPSEiZpWrJa2EDamgoFECp5ALueFxLmXofyZMD/lQM+zwt2Z2Q9TuUmfmOB/f5hrqV
	 QcoexuVz9i3vna0//XLm6eTVlH2GJJS8B8prinWk=
",,,"Wed, 14 May 2014 09:17:54 ",2014.3682795698924
gandharaart@email.xiaomi.com,1,1,0,0,0,0,0,0,0,6.5,3069,"Received:from lori@021hosttec.com (unknown [114.85.105.160:54980])
	by IMAP (Coremail) with SMTP id clWWXwCnAQBmauRT;
	Fri, 08 Aug 2014 14:25:46 +0800 (CST)
Received:from email.xiaomi.com ([50.62.161.229])
	by p3nlsmtpcp01-02.prod.phx3.secureserver.net with : CPANEL :
	id Upzz1o00l4xFshN01pzznZ; Sun, 20 Jul 2014 18:59:59 -0700
Received:from gandharaart by email.xiaomi.com with local (Exim 4.82)
	(envelope-from <gandharaart@email.xiaomi.com>)
	id 1X92uq-0002mV-IV
	for Jelly@021hosttec.com; Sun, 20 Jul 2014 19:01:24 -0700
","From:""feedback@email.xiaomi.com"" <feedback@email.xiaomi.com>
","To:Jelly@021hosttec.com
","Date:Mon, 21 Jul 2014 02:01:24 +0000
","Authentication-Results:mail12.corpease.net; spf=none smtp.mail=gandha
	raart@email.xiaomi.com;
","Sender:gandharaart@email.xiaomi.com
",,,,"Mon, 21 Jul 2014 02:01:24 ",2014.5537634408602
unknown,0,1,0,0,0,0,0,0,0,5.5,3087,"Received:from mail.51job.com (unknown [113.194.131.208])
	by mail72.corpease.net (Coremail) with SMTP id PAGowAAXHtIuSgZVXzVUAQ--.913S2;
	Mon, 16 Mar 2015 11:12:47 +0800 (CST)
Received:from 20111013-1034[127.0.0.1] by 20111013-1034[127.0.0.1]
  (SMTPD32); Sun, 15 Mar 2015 12:23:01 +0800
","From:""51job29@mail.51job.com"" <51job29@mail.51job.com>
","To:hostmould@021hosttec.com
","Date:Sun, 15 Mar 2015 12:23:01 +0800
","Authentication-Results:mail72.corpease.net; spf=none smtp.mail=51job2
	9@mail.51job.com;
","Sender:51job29@mail.51job.com
",,,,"Sun, 15 Mar 2015 12:23:01 ",2015.2043010752689
postmaster@wchhlbt.cn,1,0,0,1,1,0,1,0,0,35.0,3090,"Received:from MailServer2.aliyun.com (unknown [82.196.2.45])
	by ismtpd-032.ams1.sendgrid.net (SG) with ESMTP id 147aa8563cf.6a6b.68533
	Wed, 06 Aug 2014 08:52:54 +0000 (GMT)
Received:by MailServer2.aliyun.com (Postfix, from userid 48)
	id 060D31C1630; Wed,  6 Aug 2014 08:52:52 +0000 (UTC)
","From:Administrator <admin@aliyun.com>
","To:Lori <hostmould2@021hosttec.com>
","Date:Wed, 06 Aug 2014 14:22:32 +0530
","Authentication-Results:mail72.corpease.net; spf=pass smtp.mail=postma
	ster@wchhlbt.cn; dkim=pass header.i=@aliyun.com; dmarc=pass
","Sender:bounces+695266-d939-hostmould=021hosttec.com@sendgrid.info
","DKIM-Signature:v=1; a=rsa-sha1; c=relaxed; d=aliyun.com; 
	h=to:subject:mime-version:content-type:content-transfer-encoding:from:reply-to; 
	s=s201206; bh=OvlCvo6yVrFahL6VtLcQajJ5Qmc=; b=u3+xeZGavrJWna7C0w
	QJcE45ULb8w/cjdBDBJBq4wFfskX5dJTLTcz/toEga1m7NdwkqWX+WnoTdPuofeB
	QHLO4i+pVeyUcWtDCeY+Ory70fhYiK3d4m2EKnFl/V2QiU6S/rWDL0I/xly3ebCr
	AeBDIHKJ/bCFS9G6MyXrTFUGQ=
",,,"Wed, 06 Aug 2014 14:22:32 ",2014.5967741935483
karan@kaytexfabrics.com,1,0,0,0,0,0,0,0,0,1.0,3152,"Received:from lori@021hosttec.com (unknown [114.85.105.160:54980])
	by IMAP (Coremail) with SMTP id clWWXwCnAQBmauRT;
	Fri, 08 Aug 2014 14:28:00 +0800 (CST)
Received:from gateway05.websitewelcome.com (unknown [67.18.22.93])
	by mail9.corpease.net (Coremail) with SMTP id UAGowAD3_upjA7lTKu9dAA--.7485S3;
	Sun, 06 Jul 2014 16:06:07 +0800 (CST)
Received:by gateway05.websitewelcome.com (Postfix, from userid 5007)
	id 70F21E547CCF3; Sun,  6 Jul 2014 03:05:55 -0500 (CDT)
Received:from jet.websitedns.in (jet.websitedns.in [119.18.57.12])
	by gateway05.websitewelcome.com (Postfix) with ESMTP id 2C099E547CCA2
	for <jelly@021hosttec.com>; Sun,  6 Jul 2014 03:05:55 -0500 (CDT)
Received:from [103.18.70.174] (port=2948 helo=mjt57)
	by jet.websitedns.in with esmtpa (Exim 4.82)
	(envelope-from <karan@kaytexfabrics.com>)
	id 1X3hSL-0001ZX-VB
	for jelly@021hosttec.com; Sun, 06 Jul 2014 13:35:54 +0530
","From:<security@kaytexfabrics.com>
","To:<jelly@021hosttec.com>
","Date:Sun, 6 Jul 2014 13:35:50 +0530
","Authentication-Results:mail9.corpease.net; spf=pass smtp.mail=kara
	n@kaytexfabrics.com; dmarc=pass
",,,,,"Sun, 6 Jul 2014 13:35:50 ",2014.513440860215
abcedef@cicoe.net,1,0,0,0,0,0,0,0,0,1.0,3177,"Received:from o192254117203.outbound-mail.cicoe.net (unknown [192.254.117.203])
	by mail12.corpease.net (Coremail) with SMTP id UgGowAAnL2e+k2lTJ_Q+AA--.6332S2;
	Wed, 07 May 2014 10:00:30 +0800 (CST)
Received:by mf266.cicoe.net with SMTP id mf266.33990.536993BE1
        Wed, 07 May 2014 02:00:30 +0000 (UTC)
Received:from CNPEKWS110040 (unknown [10.64.118.102])
	by ismtpd-029 (SG) with ESMTP id 145d4691bdd.186f.9e31
	for <hostmould2@021hosttec.com>; Wed, 07 May 2014 02:00:29 +0000 (GMT)
","From:abcedef@cicoe.net,yingzi.shan@dhl.com
","To:hostmould2@021hosttec.com
","Date:Wed, 7 May 2014 10:00:29 +0800 (CST)
","Authentication-Results:mail12.corpease.net; spf=pass smtp.mail=abcedef
	@cicoe.net;
",,,,,"Wed, 7 May 2014 10:00:29 ",2014.3494623655913
unknown,0,1,0,0,0,0,0,0,0,5.5,3248,"Received:from lori@021hosttec.com (unknown [114.85.105.160:51591])
	by IMAP (Coremail) with SMTP id clWWXwD3AQBDNehT;
	Mon, 11 Aug 2014 12:03:04 +0800 (CST)
Received:from mout.gmx.net (unknown [74.208.4.200])
	by mail72.corpease.net (Coremail) with SMTP id PAGowADHzwtVxjpT+UIkAA--.357S2;
	Tue, 01 Apr 2014 21:59:51 +0800 (CST)
Received:from mailout-us.gmx.com ([172.19.198.45]) by mrigmx.server.lan
 (mrigmxus002) with ESMTP (Nemesis) id 0Lmukq-1WyZGQ1dGe-00h3eG for
 <Jelly@021hosttec.com>; Tue, 01 Apr 2014 15:54:34 +0200
Received:(qmail 10971 invoked by uid 0); 1 Apr 2014 13:54:34 -0000
Received:from 41.190.3.173 by rms-us007 with HTTP
","From:""Joanne Schllemur"" <salesrepresentative91@brew-meister.com>
","To:""Jelly"" <Jelly@021hosttec.com>
","Date:Tue, 01 Apr 2014 09:54:17 -0400
","Authentication-Results:mail72.corpease.net; spf=none smtp.mail=salesr
	epresentative91@brew-meister.com;
",,,,,"Tue, 01 Apr 2014 09:54:17 -0400
From: ""Joanne Schllemur"" <salesrepresentative91@brew-meister.com>
Message-ID: <20140401135433.24980@gmx.com>
MIME-Version: 1.0
To: ""Jelly"" <Jelly@021hosttec.com>
X-Flags: 0001
X-Mailer: GMX.com Web Mailer
x-registered: 0
X-GMX-UID: TqBIc6Zo3zOl1SnGUnghLJp",2014.25
irving.peng.sha@wchhlbt.cn,1,0,0,0,0,0,0,0,0,1.0,3421,"Received:from regular1.263xmail.com (unknown [211.150.99.140])
	by mail72.corpease.net (Coremail) with SMTP id PAGowABHTplF6nNUvwhaAQ--.2165S3;
	Tue, 25 Nov 2014 10:32:37 +0800 (CST)
Received:from yuanshiwen (localhost.localdomain [127.0.0.1])
	by smtp.263.net (Postfix) with ESMTP id 4EEB747C
	for <lori@021hosttec.com>; Tue, 25 Nov 2014 10:32:36 +0800 (CST)
Received:from yuanshiwen (unknown [116.226.15.227])
	by smtp.263.net (Postfix) whith ESMTP id 119179L57SP;
	Tue, 25 Nov 2014 10:32:36 +0800 (CST)
","From:Apple Store <donotreply@email.apple.com\xff>
","To:Lori <lori@021hosttec.com>
","Date:Tue, 25 Nov 2014 10:32:41 +0800
","Authentication-Results:mail72.corpease.net; spf=pass smtp.mail=irving
	.peng.sha@wchhlbt.cn;
",,,,,"Tue, 25 Nov 2014 10:32:41 ",2014.8978494623655
valentine@blj668.com,1,0,0,0,0,0,0,0,0,1.0,3461,"Received:from lori@021hosttec.com (unknown [114.85.105.160:51012])
	by IMAP (Coremail) with SMTP id clWWXwD3BAChMOhT;
	Mon, 11 Aug 2014 12:07:21 +0800 (CST)
Received:from mail.blj668.com (unknown [113.102.140.58])
	by mail72.corpease.net (Coremail) with SMTP id PAGowAC3oqySyzxTj+8FAA--.782S2;
	Thu, 03 Apr 2014 10:46:42 +0800 (CST)
Received:from PC-20100904ALKV (127.0.0.1:4969)
	by blj668.com with [BestMail 3.00.000 (Win32/Ix86) ESMTP Server]
	id <SF960E> for <jelly@021hosttec.com> from <Valentine@blj668.com>;
	Fri, 4 Jan 2002 01:44:09 +0800
","From:""xiang2016"" <xiang2016@gmail.com @blj668.com>
","To:""jelly"" <jelly@021hosttec.com>
","Date:Fri, 4 Jan 2002 00:03:07 +0800
","Authentication-Results:mail72.corpease.net; spf=pass smtp.mail=v
	alentine@blj668.com; dmarc=pass
",,,,,"Fri, 4 Jan 2002 00:03:07 ",2002.008064516129
kdzxgyf@fnki.com,1,0,0,0,1,0,1,0,0,34.0,3537,"Received:from o1.fnki.com (unknown [74.63.231.244])
	by mail12.corpease.net (Coremail) with SMTP id UgGowACXZXAS8+FTvmvNAg--.4941S2;
	Wed, 06 Aug 2014 17:19:20 +0800 (CST)
","From:""admin"" <admin@sendgrid.me>
","To:undisclosed-recipients:;
","Date:Wed, 06 Aug 2014 14:48:59 +0530
","Authentication-Results:mail12.corpease.net; spf=pass smtp.mail=kdzxgyf
	@fnki.com; dkim=pass header.i=@sendgrid.me; dmarc=pass
",,"DKIM-Signature:v=1; a=rsa-sha1; c=relaxed; d=sendgrid.me; 
	h=to:subject:mime-version:content-type:from:reply-to; s=s2013.fnki.com .a; 
	bh=l9ggAr3Arb6VfEJVBaC9whOM6j4=; b=TGr1qvlQ6JGqpRE+NadTNDeAaA7+O
	qZs7jhp+Gt4EFDc5axxSMVvclssZkYvX1Beqn11Y3r/kLocNPu6GX4qg6oHEgQL/
	lbsW0j7nvq8gS3wruv9SQ9Pjc4f3sZKb4bPb2+HXI6XZiJc0FsiPQiGi3PD/KhaG
	YFOcEWf0C41/kA=
",,,"Wed, 06 Aug 2014 14:48:59 ",2014.5967741935483
aperez@stilotex.es,1,0,0,0,0,0,0,0,0,1.0,3579,"Received:from setentaysiete86.serverov.com (unknown [188.93.77.86])
	by mail72.corpease.net (Coremail) with SMTP id PAGowABn594ITRFUoU6RAw--.29406S3;
	Thu, 11 Sep 2014 15:19:48 +0800 (CST)
Received:from UsuarioHP (76.Red-83-61-17.staticIP.rima-tde.net [83.61.17.76])
	by setentaysiete86.serverov.com (Postfix) with ESMTPA id 6B210C17AF
	for <lori@021hosttec.com>; Thu, 11 Sep 2014 09:19:41 +0200 (CEST)
","From:""pengxm"" <pengxm@puyuan.com @stilotex.es>
","To:""'Lori'"" <lori@021hosttec.com>
","Date:Thu, 11 Sep 2014 09:19:32 +0200
","Authentication-Results:mail72.corpease.net; spf=pass smtp.mail=ape
	rez@stilotex.es; dmarc=pass
",,,,,"Thu, 11 Sep 2014 09:19:32 ",2014.6935483870968
unknown,0,0,1,0,0,0,0,0,0,1.0,3649,"Received:from nm6-vm4.bullet.mail.ne1.yahoo.com (unknown [98.138.91.166])
	by mail12.corpease.net (Coremail) with SMTP id UgGowAAnLipzmplT8XMNAA--.893S3;
	Thu, 12 Jun 2014 20:18:08 +0800 (CST)
Received:from [98.138.100.102] by nm6.bullet.mail.ne1.yahoo.com with NNFMP; 12 Jun 2014 12:17:53 -0000
Received:from [98.138.101.177] by tm101.bullet.mail.ne1.yahoo.com with NNFMP; 12 Jun 2014 12:17:53 -0000
Received:from [127.0.0.1] by omp1088.mail.ne1.yahoo.com with NNFMP; 12 Jun 2014 12:17:53 -0000
Received:(qmail 93786 invoked by uid 60001); 12 Jun 2014 12:17:53 -0000
Received:from [182.180.107.176] by web120505.mail.ne1.yahoo.com via HTTP; Thu, 12 Jun 2014 05:17:53 PDT
","From:""Butt Silk Mills \(pvt\) Ltd."" <buttsilk@yahoo.com>
From:=?gb2312?B?06Egtc8=?= <lrnhwj@outlook.com>
","To:Lori <hostmould2@021hosttec.com>
","Date:Thu, 12 Jun 2014 05:17:53 -0700 (PDT)
","Authentication-Results:mail12.corpease.net; spf=pass smtp.mail=buttsi
	lk@yahoo.com;
",,,,,"Thu, 12 Jun 2014 05:17:53 ",2014.4462365591398
unknown,0,1,0,0,0,0,0,0,0,5.5,3683,"Received:from mail-wm0-f43.google.com (unknown [74.125.82.43])
	by mail72.corpease.net (Coremail) with SMTP id PAGowAAHskD79qxWAAjYAA--.25136S3;
	Sun, 31 Jan 2016 01:46:38 +0800 (CST)
Received:by mail-wm0-f43.google.com with SMTP id l66so20478846wml.0
        for <hostmould@021hosttec.com>; Sat, 30 Jan 2016 09:46:39 -0800 (PST)
Received:by 10.194.82.195 with HTTP; Sat, 30 Jan 2016 09:46:35 -0800 (PST)
","From:""G.Sathyanarayana Keshav"" <keshavtechnomech@gmail.com>
","To:hostmould@021hosttec.com
","Date:Sat, 30 Jan 2016 23:16:35 +0530
","Authentication-Results:mail72.corpease.net; spf=fail smtp.mail=keshav
	technomech@gmail.com; dkim=temperror header.i=@gmail.com
",,"DKIM-Signature:v=1; a=rsa-sha256; c=relaxed/relaxed;
        d=gmail.com; s=20120113;
        h=mime-version:date:message-id:subject:from:to:content-type;
        bh=Iq2X+g8GquiwrZBWAN/fR68QoYlPNb5KFNbjPBV6e5w=;
        b=lwbRNcyVwZcQ+dscJxe0iE3oSUFfa3cSH9yXHZwaqBCBhdVHS8e98pWPxFmN1f9XAb
         pTOd+H19ctmKou+1QgjHMwycJ2mu6qK0s2jqmU8GIJPk3zvdK4dEzGjMQESFeZL+4uTc
         K+pnWOTALbSgDlube8nYj25ferWQ44X/26EsbEnq0fj8VvcBydPkylNQcG2Ey/8e+xLp
         RdH+p6nVfusHa/t3doM8TX9AjN9t7kplikBVN94WLjwakGVdvPQeSTGuu/dcsnKFVZEk
         0GZvrcqiSiu1p0AhAxHtnXflzXB8uI/jA103MxYd4LyeIXBkm18F5N4dzfpQlOLWYv6+
         GXeQ==
",,,"Sat, 30 Jan 2016 23:16:35 ",2016.0779569892472
unknown,0,1,0,0,0,0,0,0,0,5.5,3808,"Received:from lori@021hosttec.com (unknown [114.85.105.160:51012])
	by IMAP (Coremail) with SMTP id clWWXwD3BAChMOhT;
	Mon, 11 Aug 2014 11:54:46 +0800 (CST)
Received:from nm9-vm1.bullet.mail.ir2.s1.yahoo.com (unknown [212.82.96.144])
	by mail72.corpease.net (Coremail) with SMTP id PAGowAD3zmp5bTpTAuEfAA--.254S3;
	Tue, 01 Apr 2014 15:40:44 +0800 (CST)
Received:from [212.82.98.50] by nm9.bullet.mail.ir2.s1.yahoo.com with NNFMP; 01 Apr 2014 07:40:40 -0000
Received:from [46.228.39.91] by tm3.bullet.mail.ir2.s1.yahoo.com with NNFMP; 01 Apr 2014 07:40:40 -0000
Received:from [127.0.0.1] by smtp128.mail.ir2.s1.yahoo.com with NNFMP; 01 Apr 2014 07:40:40 -0000
","From:ashrafsalah200 <ashrafsalah200@s1.yahoo.com>
","To:Jelly@021hosttec.com
","Date:Tue, 01 Apr 2014 09:41:33 +0200
","Authentication-Results:mail72.corpease.net; spf=none smtp.mail=ashraf
	salah200@s1.yahoo.com;
",,,,,"Tue, 01 Apr 2014 09:41:33 ",2014.25
unknown,0,1,0,0,0,0,0,0,0,5.5,3827,"Received:from lori@021hosttec.com (unknown [114.85.105.160:57797])
	by IMAP (Coremail) with SMTP id clWWXwB3BgBskeRT;
	Fri, 08 Aug 2014 17:30:39 +0800 (CST)
Received:from firehawk.websitewelcome.com (unknown [192.185.81.83])
	by mail12.corpease.net (Coremail) with SMTP id UgGowACHNj0RdUtTaCg0AA--.1182S3;
	Mon, 14 Apr 2014 13:41:39 +0800 (CST)
Received:from [127.0.0.1] (port=54988 helo=webmail.clipk.com)
	by firehawk.websitewelcome.com with esmtpa (Exim 4.80.1)
	(envelope-from <sales@transmarine.com.pk>)
	id 1WZXS6-0001iA-6N; Sun, 13 Apr 2014 22:20:58 -0500
","From:Sales <sales@transmarine.com.pk>
","To:undisclosed-recipients:;
","Date:Sun, 13 Apr 2014 22:20:54 -0500
","Authentication-Results:mail12.corpease.net; spf=fail smtp.mail=sa
	les@transmarine.com.pk;
",,,,,"Sun, 13 Apr 2014 22:20:54 ",2014.282258064516
vprbhl@cox.net,1,0,0,0,0,0,0,0,0,1.0,3838,"Received:from smtp.iyus.com (unknown [37.128.129.178])
	by mail12.corpease.net (Coremail) with SMTP id UgGowACXnoqZfCNUMyhbAA--.23125S3;
	Thu, 25 Sep 2014 10:23:24 +0800 (CST)
Received:from AUSTIN1 ([197.251.137.83]) by smtp.iyus.com with MailEnable ESMTP; Thu, 25 Sep 2014 02:17:28 +0100
","From:""Global Trade"" <qball@cox.net>
","To:lori@021hosttec.com
","Date:Wed, 24 Sep 2014 19:17:04 -0700
","Authentication-Results:mail12.corpease.net; spf=pass smtp.mail=vprbhl
	@cox.net; dmarc=pass
",,,"Return-Path:qball@cox.net
",,"Wed, 24 Sep 2014 19:17:04 ",2014.728494623656
unknown,0,1,1,0,0,0,0,0,0,6.5,3839,"Received:from lori@021hosttec.com (unknown [114.85.105.160:54980])
	by IMAP (Coremail) with SMTP id clWWXwCnAQBmauRT;
	Fri, 08 Aug 2014 14:27:48 +0800 (CST)
Received:from gateway04.websitewelcome.com (unknown [69.93.243.27])
	by mail72.corpease.net (Coremail) with SMTP id PAGowABnbiLe1shTyVL3AA--.7058S3;
	Fri, 18 Jul 2014 16:12:20 +0800 (CST)
Received:by gateway04.websitewelcome.com (Postfix, from userid 5007)
	id AEE14E5E7D655; Fri, 18 Jul 2014 03:12:13 -0500 (CDT)
Received:from ham05.websitewelcome.com (unknown [184.173.222.181])
	by gateway04.websitewelcome.com (Postfix) with ESMTP id A083EE5E7D613
	for <jelly@021hosttec.com>; Fri, 18 Jul 2014 03:12:13 -0500 (CDT)
Received:by ham05.websitewelcome.com (Postfix, from userid 500)
	id 9859337609799; Fri, 18 Jul 2014 03:12:13 -0500 (CDT)
","From:sales@btvsilkinternational.com
From:=?utf-8?b?5Lit5LuV5a2m6Zmi?= <joseff.c.luo@chinacpd.com>
","To:jelly@021hosttec.com
","Date:Fri, 18 Jul 2014 03:12:13 -0500
","Authentication-Results:mail72.corpease.net; spf=neutral smtp.mail=sal
	es@btvsilkinternational.com; 
",,,,,"Fri, 18 Jul 2014 03:12:13 ",2014.5456989247311
appleid_bounces@id.apple.com,1,0,0,0,0,0,0,0,0,1.0,4193,"Received:from jplinode-rsdnproxy-2.icoremail.net (unknown [17.151.1.75])
	by c1mx2 (Coremail) with SMTP id IwENCgCXMMnleqVYjFgbAA--.13801S2;
	Thu, 16 Feb 2017 18:11:50 +0800 (CST)
Received:from nwk-txn-msbadger0602.apple.com (unknown [17.151.1.75])
	by laqudra-mxproxy-1-c2.icoremail.net (Coremail) with SMTP id AQAAfwCn8720eqVYQcB7AA--.3328S3;
	Thu, 16 Feb 2017 18:11:00 +0800 (CST)
","From:Apple <appleid@id.apple.com>
","To:hostmould@021hosttec.com
","Date:Thu, 16 Feb 2017 10:11:47 +0000 (GMT)
","Authentication-Results:c1mx2; spf=pass smtp.mail=appleid_bounces@id.a
	pple.com; dkim=pass header.i=@id.apple.com; dmarc=pass
","Sender:appleid_bounces@id.apple.com
","DKIM-Signature:v=1; a=rsa-sha1; d=id.apple.com; s=id2048; c=relaxed/relaxed;
	q=dns/txt; i=@id.apple.com; t=1487239907;
	h=From:Subject:Date:To:MIME-Version:Content-Type;
	bh=88RiNldytOhqzbVhD0/yU4RNvUI=;
	b=UlUsMTLLl64vdmkBsr/8bHh3MqEB4jpyEDu4FyeQrgVgbYNnTo/SvC/kFNhtMxGG
	ofAqWGmTfoRhFNVCbtoyh2IEEeXFdjTe3VlY9yZlh9E0gSaBqwmeEWK8zciIrItp
	JFmwe4AETVND+iJWtgs2qEB1wVDyezE5XR8OhLmaX+K7Yq/TWdQ2uHl4HTd+vqXg
	kMscQ/Oc85qaPxraEtJqLjZGxpvmmAN512fCjgqJ3fyMy76FknBdOJiM6mCfH3Ct
	uJ6zuLU3rD4Vzngo7EtS/Mga3PdcNLQ60gphrOHJpitXdlsjXeS1W2k6TtRnc7T4
	XmdKz2o5Y54wJaViDaFnQA==;
",,,"Thu, 16 Feb 2017 10:11:47 ",2017.1236559139784
amber.zhang@cn.klueber.com,1,0,0,0,0,0,0,0,0,1.0,4267,"Received:from gg.hk.kluber.com (unknown [210.184.77.81])
	by mail12.corpease.net (Coremail) with SMTP id UgGowJD7_3H9G5RSWkUsAg--.1066S3;
	Tue, 26 Nov 2013 11:56:45 +0800 (CST)
Received:from gg.hk.kluber.com (localhost.hk.kluber.com [127.0.0.1])
	by gg.hk.kluber.com (8.14.5/8.14.5) with ESMTP id rAQ3urwH019374
	for <hostmould@021hosttec.com>; Tue, 26 Nov 2013 03:56:54 GMT
Received:(from localhost) by gg.hk.kluber.com (MSCAN) id 1/gg.hk.kluber.com/smtp-gw/mscan; Tue Nov 26 03:56:53 2013
","From:government@bjstats.gov.cn
","To:hostmould@021hosttec.com
","Date:Tue, 26 Nov 2013 11:56:39 +0800
","Authentication-Results:mail12.corpease.net; spf=pass smtp.mail=amber.
	zhang@cn.klueber.com;
",,,,,"Tue, 26 Nov 2013 11:56:39 ",2013.9005376344085
drzx@ouax.com,1,0,0,0,0,0,1,0,0,17.5,4306,"Received:from maile-fc.ouax.com (unknown [199.101.162.91])
	by mail12.corpease.net (Coremail) with SMTP id UgGowADHPJ6PP6BTqTJLAA--.2779S3;
	Tue, 17 Jun 2014 21:16:01 +0800 (CST)
","From:info <info@linkedin.com>
","To:Lori <hostmould2@021hosttec.com>
","Date:Tue, 17 Jun 2014 13:14:41 +0000 (UTC)
","Authentication-Results:mail12.corpease.net; spf=pass smtp.mail=drzx
	@ouax.com; dkim=pass header.i=@linkedin.com; dmarc=pass
",,"DKIM-Signature:v=1; a=rsa-sha256; c=relaxed/relaxed; d=linkedin.com;
	s=dkim1024.ouax.com .rsa; t=1403010881;
	bh=5+Nc9/8GfqYveLmwsWKNAMnZhx//YoaETeurLBiACoM=;
	h=Date:From:To:Subject:MIME-Version:Content-Type;
	b=HmInPHjM1BSRxG3fmsSF5osmRYxtZFV1hfVI6ZCC/CHCKEX5NrfJC7A2GMQkVTsWO
	 01GiecfDEN8kkO6kEyHuTvXmPhDD1aG6GcUn1y/l1j/17ao7XtiRdLQQywLhM+xkjF
	 aoTijFC5ynPir44J/dvfyyz4k2HDP105BTUUg6qI=
",,,"Tue, 17 Jun 2014 13:14:41 ",2014.4596774193549
ptpoqit@ge.com,1,0,0,0,0,0,0,0,0,1.0,4345,"Received:from ge.com (unknown [120.230.70.232])
	by c1mx2 (Coremail) with SMTP id IwENCgBnMn3ku9tZSS4JAA--.8783S2;
	Tue, 10 Oct 2017 02:11:48 +0800 (CST)
Received:from mgzia (unknown [141.229.251.209])
	by ge.com with SMTP id pewMKJWco1nbGOl0.1
	for <hostmould@021hosttec.com>; Tue, 10 Oct 2017 02:11:48 +0800
","From:Administrator <administrator@alipay.com>
","To:hostmould <hostmould@021hosttec.com>
","Date:Tue, 10 Oct 2017 02:11:41 +0800
","Authentication-Results:c1mx2; spf=pass smtp.mail=ptpoqit@ge.com;
",,,,,"Tue, 10 Oct 2017 02:11:41 ",2017.774193548387
unknown,0,0,1,0,0,0,0,0,0,1.0,4370,"Received:from lori@021hosttec.com (unknown [114.85.105.160:56260])
	by IMAP (Coremail) with SMTP id clWWXwCHCwB8fuRT;
	Fri, 08 Aug 2014 15:44:10 +0800 (CST)
Received:from nm5-vm2.bullet.mail.ne1.yahoo.com (unknown [98.138.90.153])
	by mail72.corpease.net (Coremail) with SMTP id PAGowAB3fUUU8IZTclJTAA--.22399S3;
	Thu, 29 May 2014 16:30:25 +0800 (CST)
Received:from [98.138.101.130] by nm5.bullet.mail.ne1.yahoo.com with NNFMP; 29 May 2014 08:30:12 -0000
Received:from [98.138.89.254] by tm18.bullet.mail.ne1.yahoo.com with NNFMP; 29 May 2014 08:30:11 -0000
Received:from [127.0.0.1] by omp1046.mail.ne1.yahoo.com with NNFMP; 29 May 2014 08:30:11 -0000
Received:(qmail 51118 invoked by uid 60001); 29 May 2014 08:30:11 -0000
Received:from [2.184.44.244] by web120503.mail.ne1.yahoo.com via HTTP; Thu, 29 May 2014 01:30:11 PDT
","From:Hossein Shahab <shahabhossein57@yahoo.com>
From:""Cain"" <xyyzeng@163.com>
","To:Jelly <Jelly@021hosttec.com>
","Date:Thu, 29 May 2014 01:30:11 -0700 (PDT)
","Authentication-Results:mail72.corpease.net; spf=pass smtp.mail=shahab
	hossein57@yahoo.com;
",,"DKIM-Signature:v=1; a=rsa-sha256; c=relaxed/relaxed; d=yahoo.com; s=s1024; t=1401352211; bh=KkWxlfGdL22j8qpKPdrY1x+agOKZOukAM5NypgmpTgs=; h=References:Message-ID:Date:From:Reply-To:Subject:To:In-Reply-To:MIME-Version:Content-Type; b=TO/U9jiqaqJIQWdKKfgAvLMsrT4nkqfjVQE13lUFxnOMrpiNgCNNO9jRXvsB83kLiFIoD9+ATk/6Eh8anz7B48FmIPuoDbTV6mTAi4rqLht41DgeMEm+4s9SB7MP7724OYp2Ywm+LZx1tFFuezuHc60f2J0xzUOgLg4lLF5cffg=
",,,"Thu, 29 May 2014 01:30:11 ",2014.4086021505375
@vtpclms.cn,0,0,0,0,0,0,1,0,0,16.5,4402,"Received:from smtpcm9-304.freemail.mail.aliyun.com (unknown [110.75.46.4])
	by mail72.corpease.net (Coremail) with SMTP id PAGowACnu9vmMnVU+vBqAQ--.1887S2;
	Wed, 26 Nov 2014 09:54:46 +0800 (CST)
Received:from cm3-deliver-pub.xyi(mailfrom:ali_communication@service.alibaba.com ip:110.75.216.254)
          by smtp.aliyun-inc.com(127.0.0.1);
          Wed, 26 Nov 2014 09:54:47 +0800
","From:Alibaba Group <ali_communication@service.alibaba.com>
","To:Lori Tian <lori@021hosttec.com>
","Date:Wed, 26 Nov 2014 09:54:46 +0800 (CST)
","Authentication-Results:mail72.corpease.net; spf=pass smtp.mail=ali_co
	mmunication@service.alibaba.com; dkim=pass header.i=@vtpclms.cn; dmarc
	=pass
",,"DKIM-Signature:v=1; a=rsa-sha256; c=relaxed/relaxed;
	d=vtpclms.cn; s=default;
	t=1416966887; h=Date:From:To:Message-ID:Subject:MIME-Version:Content-Type;
	bh=z4Rv0Cum4NtWlNjoZMHo3YXXy/ETNzgXeO+zyMxyvvU=;
	b=kbfs1QjGPCJrD7JP2/p06dDrvbJdPrt5JM9IN3qNm7BL5to33imy+l/eXjBxvhdjJJugLeHI6/5F75bct3FDPeXt9xGvUrFYkiTTpYooiC9AKuxZV7e8HATwllLHs+7BPXJlH6WCTrxkAEq8dz1+bK6qQFj0ozCJRGfjK9+lR2M=
",,,"Wed, 26 Nov 2014 09:54:46 ",2014.9005376344085
unknown,0,1,0,0,0,0,0,0,0,5.5,4424,"Received:from lori@021hosttec.com (unknown [114.85.105.160:54980])
	by IMAP (Coremail) with SMTP id clWWXwCnAQBmauRT;
	Fri, 08 Aug 2014 14:24:13 +0800 (CST)
Received:from 21cn.com (unknown [203.77.200.23])
	by mail12.corpease.net (Coremail) with SMTP id UgGowAAnJzsZQtpTmAqEAg--.747S3;
	Thu, 31 Jul 2014 21:18:20 +0800 (CST)
Received:from admin by 21cn.com with local (Exim 4.82)
	(envelope-from <admin@21cn.com>)
	id 1XCpaB-0004on-BV
	for Jelly@021hosttec.com; Thu, 31 Jul 2014 18:05:48 +0530
","From:admin@21cn.com\xff
","To:Jelly@021hosttec.com
","Date:Thu, 31 Jul 2014 18:05:43 +0530
","Authentication-Results:mail12.corpease.net; spf=neutral smtp.mail=adm
	in@21cn.com;
","Sender:admin@21cn.com
",,,,"Thu, 31 Jul 2014 18:05:43 ",2014.5806451612902
uozpxbi@showreal.site,1,0,0,0,0,0,1,0,0,17.5,4428,"Received:from lori@021hosttec.com (unknown [114.85.105.160:53106])
	by IMAP (Coremail) with SMTP id clWWXwDXCADjUehT;
	Mon, 11 Aug 2014 13:19:53 +0800 (CST)
","From:ashrafsalah200 <ashrafsalah200@yahoo.com>
","To:Jelly@021hosttec.com
","Date:Thu, 13 Mar 2014 14:11:46 +0200
","Authentication-Results:mail72.corpease.net; spf=pass smtp.mail=uozpxbi
	@showreal.site; dkim=pass header.i=@yahoo.com; dmarc=pass
",,"DKIM-Signature:v=1; a=rsa-sha256; c=relaxed/relaxed; d=yahoo.com; s=s2456.showreal.site .yahoo.com; t=1394717138; bh=7Uiz+SIR2zQpMZIDDVr2IcSaenOrX8UKYU6kgwIX6Hk=; h=X-Yahoo-Newman-Id:X-Yahoo-Newman-Property:X-YMail-OSG:X-Yahoo-SMTP:X-Rocket-Received:Date:Subject:Message-ID:Importance:From:To:Reply-To:MIME-Version:Content-Type; b=TurN3bPjgnbyIlokmrX4JZVZUw8GNOsj/5wFoxZgIPxBxmfVai43A5RO0g+oKJbJDoEG2/85Yw0YEe3EW3F5YrU/iIC9MbV40PuWPagtjfINyApbd4nNkCpvj2NwoFlTDOK/Cd4UbXGG8LIiYxDRO07Q8NgW2D7g36RR4Z8M1yo=
",,,"Thu, 13 Mar 2014 14:11:46 ",2014.1989247311828
ccaja_matriz@crea.fin.ec,1,1,0,0,0,0,1,0,0,23.0,4479,"Received:from gznetease-rsdnproxy-1.icoremail.net (unknown [62.149.156.183])
	by c1mx2 (Coremail) with SMTP id IwENCgAnIALoeMJZK9NhAQ--.4169S2;
	Wed, 20 Sep 2017 22:19:20 +0800 (CST)
","From:""webmaster"" <webmaster@aruba.it>
","To:me@me.com
","Date:Wed, 20 Sep 2017 16:18:56 +0200
","Authentication-Results:c1mx2; spf=none smtp.mail=ccaja_matriz
	@crea.fin.ec; dkim=pass header.i=@aruba.it; dmarc=pass
",,"DKIM-Signature:v=1; a=rsa-sha256; c=relaxed/relaxed; d=aruba.it; s=1selector.crea.fin.ec .any;
	t=1505917147; bh=rixqBjW4rX+Is7xBbQ4Xj7kp7x5J22tQ8gv+HoYeH18=;
	h=Date:Subject:MIME-Version:Content-Type:From:To;
	b=kMFrkk40ecAkFf4jcZvxDxNCC2IbV6gv3EW08YDYlUbDUd0XFFhfCpxVIUftdqhEp
	 Y95Fin1o2QKrHvXjG599wGsdwRH/2KzLZkB0ciiWIfj8QPopw/D1XWz6a1VM3Rxr37
	 rclHpUK0XRzaXnvMYwLVTM6MAD3Efh7g5wj21OqiPsIZRzHUz/b+kCfPkKYsd8DLlj
	 2J6i5Ew/40P2kcLX73/bWJZTtvhJ2Z5jpoHUTAd/EgVIhkCrnG+VHfkPn9SpmVa7hK
	 tlznB6AGVmFATABQ3QjHQjptXQ88SGIs3q5eO4iYvolldSmTjTiKz/6nYzFXWcKzqW
	 VCpdQA9aY5pIw==
",,,"Wed, 20 Sep 2017 16:18:56 ",2017.717741935484
info.376140.148370a4@mr50.mr.bmdeda99.com,0,0,0,1,0,1,1,0,0,23.0,4537,"Received:from lori@021hosttec.com (unknown [114.85.105.160:54058])
	by IMAP (Coremail) with SMTP id clWWXwBnBgD8X+RT;
	Fri, 08 Aug 2014 14:21:36 +0800 (CST)
Received:from mr50.mr.bmdeda99.com (unknown [46.4.169.106])
	by mail72.corpease.net (Coremail) with SMTP id PAGowABnT28UJuJTKejmAQ--.618S2;
	Wed, 06 Aug 2014 20:56:53 +0800 (CST)
","From:""ITMACH India"" <info@itmach.com>
","To:""Sir"" <jelly@021hosttec.com>
","Date:Wed, 6 Aug 2014 08:56:13 -0400
","Authentication-Results:mail72.corpease.net; spf=pass smtp.mail=info@i
	tmach.com; dkim=pass header.i=@mr50.mr.bmdeda99.com; dmarc=pass
","Sender:info.376140.148370a4@mr50.mr.bmdeda99.com
","DKIM-Signature:v=1; a=rsa-sha1; c=relaxed/relaxed; d=
	mr50.mr.bmdeda99.com; h=reply-to:list-unsubscribe:from:sender:to
	:subject:date:mime-version:content-type:message-id; s=bmdeda;
	 bh=y82xdIcwmNnnPkmd7MzO93nLlHE=; b=ZA3f9Y/NRrG88CAh1VhQvH6onAx+
	KXjlMlkGbZN/SRiqUadTyOK+KA/4tKUbwmSuQuclL4V/tonrMFIJBbid/H6E9Uyh
	zDSbnfUgnuxH6hxF+PG+BM2cL6x3H63l8aKLqqQGK9YQ7a3o03qF/T1/qjExowWG
	hpsjVUaxIl/FGtI=
",,,"Wed, 6 Aug 2014 08:56:13 ",2014.5967741935483
1n3xh.cn,0,0,0,0,0,1,1,0,0,22.0,4607,"Received:from lori@021hosttec.com (unknown [114.85.105.160:54980])
	by IMAP (Coremail) with SMTP id clWWXwCnAQBmauRT;
	Fri, 08 Aug 2014 14:25:07 +0800 (CST)
Received:from o1.1n3xh.cn (unknown [50.31.43.157])
	by mail72.corpease.net (Coremail) with SMTP id PAGowACXXekQyNtTTtSrAQ--.176S2;
	Sat, 02 Aug 2014 01:02:18 +0800 (CST)
Received:by filter-276.sjc1.sendgrid.net with SMTP id filter-276.10096.53DBC80B12
        2014-08-01 17:02:03.523362231 +0000 UTC
Received:from user.tradesparq.com (ec2-54-187-144-197.us-west-2.compute.amazonaws.com [54.187.144.197])
	by ismtpd-030.sjc1.sendgrid.net (SG) with ESMTP id 14792856c8e.1352.2d10fc
	for <jelly@021hosttec.com>; Fri, 01 Aug 2014 17:02:03 +0000 (GMT)
","From:""don curtis via Tradesparq"" <noreply@tradesparq.com>
","To:jelly@021hosttec.com
","Date:Fri, 1 Aug 2014 17:02:00 +0000
","Authentication-Results:mail72.corpease.net; spf=pass smtp.mail=norepl
	y@tradesparq.com; dkim=pass header.i=@1n3xh.cn; dmarc=pass
",,"DKIM-Signature:v=1; a=rsa-sha1; c=relaxed; d=1n3xh.cn; 
	h=from:to:reply-to:subject:mime-version:content-type; s=smtpapi; 
	bh=DzZwtVqL716n9YLbvPHP6wvQ/yA=; b=xpGGzEnpaFDRNDICEYut9QWnEEKVK
	I9ZdbwrA7h0lLn7vve8C+TIYEmwojFvWZjVKK9X0vdQGoyJSfRRQCwWnogXv8xNw
	T4THUXiIPwBrnRG7OlGaYtWxfP0vPbpbz7TQvu9hQVI3JtSjwkxKYYZQFAUyNQ8n
	qtGMf5bb2C8tx0=
","Return-Path:<noreply@tradesparq.com>
",,"Fri, 1 Aug 2014 17:02:00 ",2014.5833333333333
bmuggd@gian.com,1,0,0,0,0,0,0,0,0,1.0,4614,"Received:from lori@021hosttec.com (unknown [114.85.105.160:57800])
	by IMAP (Coremail) with SMTP id clWWXwBHAgB2keRT;
	Fri, 08 Aug 2014 17:00:26 +0800 (CST)
Received:from o1.email.gian.com (unknown [50.31.43.157])
	by mail9.corpease.net (Coremail) with SMTP id UAGowADHzwdil3BTT9WFAA--.1103S2;
	Mon, 12 May 2014 17:41:55 +0800 (CST)
","From:""admin"" <admin@tradesparq.com>
","To:jelly@021hosttec.com
","Date:Mon, 12 May 2014 09:41:47 +0000
","Authentication-Results:mail9.corpease.net; spf=pass smtp.mail=bmuggd
	@gian.com; dkim=pass header.i=tradesparq.com; dmarc=pass
",,"DKIM-Signature:v=1; a=rsa-sha1; c=relaxed; d=tradesparq.com; 
	h=from:to:reply-to:subject:mime-version:content-type; s=api.gian.com .any; 
	bh=qYC+A5u0pS7OfB/3yDnCAy95tpM=; b=fFsRBLgsePbgpRqJcyiYeje5nEuRr
	PzyhruiC/TVz3wBQn52OezvMkdDGHXGiHdvyPDy2us9Mpago4eOe7+NQilITJERg
	GOiHEuMNx6b81BLZyxjnYX7XOSSlDzgpQgcd2IcS8uysGSO6sSvBr/0YdMXKKm8Q
	yNJ+MTbUfhxfZ8=
",,,"Mon, 12 May 2014 09:41:47 ",2014.3629032258063
snzlyzrmx@51job.com,1,0,0,0,0,0,0,0,0,1.0,4625,"Received:from quickmail.51job.com (unknown [61.129.48.174])
	by mail72.corpease.net (Coremail) with SMTP id PAGowACHjTklgTBTLTw3AA--.825S2;
	Tue, 25 Mar 2014 03:01:57 +0800 (CST)
Received:(qmail 28076 invoked by uid 0); 24 Mar 2014 19:01:53 -0000
","From:hr@51job.com
","To:hostmould@021hosttec.com
","Date:25 Mar 2014 03:01:53 +0800
","Authentication-Results:mail72.corpease.net; spf=pass smtp.mail=snzlyzrmx
	@51job.com; dmarc=pass
","Sender:snzlyzrmx@51job.com
",,,,25 Mar 2014 03:01:53 ,2014.231182795699
unknown,0,1,0,0,0,0,0,0,0,5.5,4687,"Received:from mailexn002.tradeindia.com (unknown [115.112.114.225])
	by mail72.corpease.net (Coremail) with SMTP id PAGowAAXiUo8VbNTRLwkAA--.40S2;
	Wed, 02 Jul 2014 08:41:32 +0800 (CST)
","From:noreply@rnicrosoft.com
","To:lori@021hosttec.com
","Date:Wed, 2 Jul 2014 00:36:19 +0530
","Authentication-Results:mail72.corpease.net; spf=neutral smtp.mail=nor
	eply@rnicrosoft.com;
",,,,,"Wed, 2 Jul 2014 00:36:19 ",2014.502688172043
unknown,0,0,1,0,0,0,0,0,0,1.0,4706,"Received:from boromir.miranda.pl (unknown [77.65.18.77])
	by mail9.corpease.net (Coremail) with SMTP id UAGowACntMRDYt9TXu_ZAQ--.189S2;
	Mon, 04 Aug 2014 18:36:59 +0800 (CST)
Received:from localhost (localhost [127.0.0.1])
	by boromir.miranda.pl (Postfix) with ESMTP id 1FBEFE80E74
	for <hostmould2@021hosttec.com>; Mon,  4 Aug 2014 12:36:52 +0200 (CEST)
Received:from boromir.miranda.pl ([127.0.0.1])
	by localhost (mail.miranda.pl [127.0.0.1]) (amavisd-new, port 10026)
	with ESMTP id x-PN15hbiylT for <hostmould2@021hosttec.com>;
	Mon,  4 Aug 2014 12:36:51 +0200 (CEST)
Received:from [192.168.2.63] (PLitwin-wifi.i.miranda.grupa-litex.pl [192.168.2.63])
	(Authenticated sender: llitwin@miranda.pl)
	by boromir.miranda.pl (Postfix) with ESMTPSA id 725F8E80E73
	for <hostmould2@021hosttec.com>; Mon,  4 Aug 2014 12:36:50 +0200 (CEST)
","From:=?utf-8?Q?=C5=81ukasz_Litwin?= <llitwin@miranda.pl>
From:""=?utf-8?B?5Z+65oGp5aOrIOmqhuWGiemjng==?="" <apolloLuo@keyence.com.cn>
","To:Lori <hostmould2@021hosttec.com>
","Date:Mon, 4 Aug 2014 12:36:49 +0200
","Authentication-Results:mail9.corpease.net; spf=pass smtp.mail=llitwin
	@miranda.pl;
",,,,,"Mon, 4 Aug 2014 12:36:49 ",2014.5913978494623
luo@chinacpd.com,1,0,0,0,0,0,1,1,0,18.5,4722,"Received:from lori@021hosttec.com (unknown [114.85.105.160:57797])
	by IMAP (Coremail) with SMTP id clWWXwB3BgBskeRT;
	Fri, 08 Aug 2014 17:37:48 +0800 (CST)
Received:from mail2.chinacpd.com (unknown [192.157.230.186])
	by mail9.corpease.net (Coremail) with SMTP id UAGowAAHDzvjgE9TM59fAA--.5842S2;
	Thu, 17 Apr 2014 15:21:08 +0800 (CST)
","From:=?utf-8?B?5reY5a6d572ROeWdlznljIXpgq7ov5vlj6Ppm7bpo58=?= <baihuiinfo@163.com>
","To:""Jelly@021hosttec.com"" <Jelly@021hosttec.com>
","Date:Thu, 17 Apr 2014 11:21:02 +0400
","Authentication-Results:mail9.corpease.net; spf=pass smtp.mail=luo
	@chinacpd.com; dkim=pass header.i=@163.com; dmarc=pass
",,"DKIM-Signature:v=1; a=rsa-sha1; c=relaxed/relaxed; s=3pvod.chinacpd.com .selector; d=163.com;
 h=Date:To:From:Reply-to:Subject:Message-ID:MIME-Version:Content-Type;
 bh=q76WYhVFgu69wBOjxJvxYsPf5w0=;
 b=kCbbhePXa+Uw7h7zo+bJRxTGmuf4w9142JNyhCoZ+OaD6IM9cXnjhljvKrYEHDIkyLlAVnCiWyt9
   X+tOM1HIMWtd+01KEgnut18KrjUpMlcOIsbyiam9g2hnEsYzVEmDQMRXMlmLJKuXqam2VAev09/v
   zNVtN1wByyLLWVsa1hw=
","Return-Path:bounce-3104-4696328-1472-248@3pvodc.pw
",,"Thu, 17 Apr 2014 11:21:02 ",2014.2930107526881
simon.hu@furniture.com,1,0,0,0,0,0,1,0,0,17.5,4860,"Received:from lori@021hosttec.com (unknown [114.85.105.160:51016])
	by IMAP (Coremail) with SMTP id clWWXwCnBQCqMOhT;
	Mon, 11 Aug 2014 11:10:06 +0800 (CST)
Received:by mf174.furniture.com with SMTP id mf174.24853.534050D47
        Sat, 05 Apr 201d4 18:52:04 +0000 (UTC)
","From:<security@qq.com>
","To:undisclosed-recipients:;
","Date:Sun, 06 Apr 2014 00:21:53 +0530
","Authentication-Results:mail72.corpease.net; spf=pass smtp.mail=simon.hu
	@furniture.com; dkim=pass header.i=@qq.com; dmarc=pass
",,"DKIM-Signature:v=1; a=rsa-sha1; c=relaxed; d=qq.com; 
	h=to:subject:mime-version:content-type:from:reply-to; s=smtpapi.furniture.com .mail; 
	bh=ZAzhYjP1NO5J3nsPv46e0O/xPuM=; b=yPMh/INstcIY8lFw2yDf+GzmVFR/2
	4aEB/7X8dn6L8ERq6+jjEweL0+wL1rYsItvsgViQBoXTK6Y588nIOctMixZ0GBey
	2WqaDn5ZLebAOr/kDvp21SDvpOpCT3JOwSdgmKtb7M5h4YvZ9gIgRgoDLUxzsan3
	7HHrNudn1/w0gY=
",,,"Sun, 06 Apr 2014 00:21:53 ",2014.263440860215
unknown,0,0,1,0,0,0,0,0,0,1.0,4893,"Received:from mail-lb0-f170.google.com (unknown [209.85.217.170])
	by mail9.corpease.net (Coremail) with SMTP id UAGowAD3JL2ObeRTODAXAg--.444S3;
	Fri, 08 Aug 2014 14:26:31 +0800 (CST)
Received:by mail-lb0-f170.google.com with SMTP id l4so1571626lbv.1
        for <hostmould2@021hosttec.com>; Thu, 07 Aug 2014 23:26:22 -0700 (PDT)
Received:by 10.152.146.38 with HTTP; Thu, 7 Aug 2014 23:26:21 -0700 (PDT)
","From:Vd Silk <vdsilkmills@gmail.com>
From:Simon An <simonan@edgamegroup.com>
","To:Lori <hostmould2@021hosttec.com>
","Date:Fri, 8 Aug 2014 11:56:21 +0530
","Authentication-Results:mail9.corpease.net; spf=pass smtp.mail=vdsilkm
	ills@gmail.com;
",,,,,"Fri, 8 Aug 2014 11:56:21 ",2014.6021505376343
unknown,0,0,0,0,1,0,0,0,0,16.5,4899,"Received:from setentaysiete86.xn--faebook-6pf.com (unknown [188.93.77.86])
	by mail9.corpease.net (Coremail) with SMTP id UAGowADn70syPSVUUrpzAA--.545S3;
	Fri, 26 Sep 2014 18:17:25 +0800 (CST)
Received:from UsuarioHP (76.Red-83-61-17.staticIP.rima-tde.net [83.61.17.76])
	by setentaysiete86.xn--faebook-6pf.com (Postfix) with ESMTPA id B7D93C15A7
	for <lori@021hosttec.com>; Fri, 26 Sep 2014 12:17:38 +0200 (CEST)
","From:""Alberto \(STILOTEX\)"" <aperez@xn--faebook-6pf.com>
","To:""'Lori'"" <lori@021hosttec.com>
","Date:Fri, 26 Sep 2014 12:17:22 +0200
","Authentication-Results:mail9.corpease.net; spf=pass smtp.mail=aperez@
	xn--faebook-6pf.com; dmarc=pass
",,,,,"Fri, 26 Sep 2014 12:17:22 ",2014.733870967742
unknown,0,1,0,0,1,0,0,0,0,22.0,4903,"Received:from triband-mum-59.183.19.166.xn--iclou-2wf.com (HELO DELLI7) (59.183.19.166)
  (smtp-auth username mundhra@xn--iclou-2wf.com, mechanism login)
  by smtp.safentrix.com (SAS) with ESMTPA; Thu, 12 Jun 2014 12:48:28 +0530
","From:""Ashok Mundhra"" <mundhra@xn--iclou-2wf.com>
","To:""'Lori'"" <hostmould2@021hosttec.com>
","Date:Thu, 12 Jun 2014 12:45:43 +0530
","Authentication-Results:mail72.corpease.net; spf=neutral smtp.mail=mun
	dhra@xn--iclou-2wf.com;
",,,,,"Thu, 12 Jun 2014 12:45:43 ",2014.4462365591398
z29141@gunpa-textile.com,1,0,0,0,0,0,0,0,0,1.0,4932,"Received:from lori@021hosttec.com (unknown [114.85.105.160:55382])
	by IMAP (Coremail) with SMTP id clWWXwCnEQBvb+RT;
	Fri, 08 Aug 2014 15:08:16 +0800 (CST)
Received:from mx01.turkticaret.net (unknown [31.186.7.10])
	by mail12.corpease.net (Coremail) with SMTP id UgGowAAHv9J+GqlTknyjAA--.3395S2;
	Tue, 24 Jun 2014 14:28:25 +0800 (CST)
Received:from localhost (mailguard03.turkticaret.net [31.186.7.53])
	by mx01.turkticaret.net (Postfix) with ESMTP id BA22F1E0065;
	Tue, 24 Jun 2014 09:28:13 +0300 (EEST)
Received:from mx01.turkticaret.net ([31.186.7.101])
	by localhost (mailguard03.turkticaret.net [31.186.7.53]) (amavisd-new, port 10024)
	with ESMTP id 5TSFJx0ojjFf; Tue, 24 Jun 2014 09:28:11 +0300 (EEST)
Received:from gunpa3 (unknown [88.246.12.195])
	by mx01.turkticaret.net (Postfix) with ESMTPA id B897D1E006A;
	Tue, 24 Jun 2014 09:27:58 +0300 (EEST)
","From:<gozde@gunpa-textile.com>
","To:<jelly@021hosttec.com>
","Date:Tue, 24 Jun 2014 09:27:57 +0300
","Authentication-Results:mail12.corpease.net; spf=pass smtp.mail=z29141
	@gunpa-textile.com; dmarc=pass
",,,,,"Tue, 24 Jun 2014 09:27:57 ",2014.478494623656
rogogo@nate.com,1,0,0,0,0,0,0,0,0,1.0,4998,"Received:from mailtx1.nate.com (unknown [117.53.114.131])
	by mail9.corpease.net (Coremail) with SMTP id UAGowACXn+uqmfFTsYGRAg--.1201S2;
	Mon, 18 Aug 2014 14:14:07 +0800 (CST)
Received:from external ([10.234.214.144])
	by mailtx1 (1.0) id s7I6DuE00705;
	Mon, 18 Aug 2014 15:13:56 +0900
","From:zhangyan@tadercn.com(@nate.com
","To:""=?UTF-8?B?TG9yaQ==?="" <hostmould2@021hosttec.com>
","Date:Mon, 18 Aug 2014 15:13:55 +0900
","Authentication-Results:mail9.corpease.net; spf=pass smtp.mail=rogo
	go@nate.com; dmarc=pass
",,,,,"Mon, 18 Aug 2014 15:13:55 ",2014.6290322580644
unknown,0,1,0,0,0,0,0,0,0,5.5,5038,"Received:from lori@021hosttec.com (unknown [114.85.105.160:57331])
	by IMAP (Coremail) with SMTP id clWWXwAHEAAsi+RT;
	Fri, 08 Aug 2014 16:39:06 +0800 (CST)
Received:from mx10.sbi.co.in (unknown [202.58.103.185])
	by mail72.corpease.net (Coremail) with SMTP id PAGowACnwu3yk2dTr1QpAA--.13579S2;
	Mon, 05 May 2014 21:36:52 +0800 (CST)
Received:from unknown (HELO ndcsot01.sbi.co.in) ([10.209.16.23])
  by mx10.sbi.co.in with ESMTP; 05 May 2014 19:03:12 +0530
Received:from Azar79111 ([10.0.228.84])
          by ndceml22.sbi.co.in (Lotus Domino Release 8.5.3FP4)
          with ESMTP id 2014050519024434-30602 ;
          Mon, 5 May 2014 19:02:44 +0530 
","From:""Wallstreet Exchange Centre, Dubai"" <md@sbt.co.in>
","To:jelly@021hosttec.com
","Date:Sun, 04 May 2014 21:45:42 -0700
","Authentication-Results:mail72.corpease.net; spf=fail smtp.mail=md
	@sbt.co.in;
",,,,,"Sun, 04 May 2014 21:45:42 ",2014.3413978494623
